-- phpMyAdmin SQL Dump
-- version 5.0.2
-- https://www.phpmyadmin.net/
--
-- Host: 127.0.0.1
-- Generation Time: Nov 10, 2020 at 04:53 PM
-- Server version: 10.4.13-MariaDB-log
-- PHP Version: 7.4.8

SET SQL_MODE = "NO_AUTO_VALUE_ON_ZERO";
START TRANSACTION;
SET time_zone = "+00:00";


/*!40101 SET @OLD_CHARACTER_SET_CLIENT=@@CHARACTER_SET_CLIENT */;
/*!40101 SET @OLD_CHARACTER_SET_RESULTS=@@CHARACTER_SET_RESULTS */;
/*!40101 SET @OLD_COLLATION_CONNECTION=@@COLLATION_CONNECTION */;
/*!40101 SET NAMES utf8mb4 */;

--
-- Database: `d.sport`
--

-- --------------------------------------------------------

--
-- Table structure for table `categories`
--

CREATE TABLE `categories` (
  `id` int(11) NOT NULL,
  `title` varchar(255) NOT NULL
) ENGINE=InnoDB DEFAULT CHARSET=utf8mb4;

--
-- Dumping data for table `categories`
--

INSERT INTO `categories` (`id`, `title`) VALUES
(1, 'Shoes'),
(2, 'Top'),
(3, 'Bottom'),
(4, 'Accessories\r\n\r\n');

-- --------------------------------------------------------

--
-- Table structure for table `classify`
--

CREATE TABLE `classify` (
  `id` int(11) NOT NULL,
  `name` varchar(255) NOT NULL
) ENGINE=InnoDB DEFAULT CHARSET=utf8mb4;

--
-- Dumping data for table `classify`
--

INSERT INTO `classify` (`id`, `name`) VALUES
(1, 'Men'),
(2, 'Women'),
(3, 'Kids'),
(4, 'Accessories\r\n\r\n');

-- --------------------------------------------------------

--
-- Table structure for table `orders`
--

CREATE TABLE `orders` (
  `id` int(11) NOT NULL,
  `user_id` int(11) NOT NULL,
  `firstname` varchar(50) CHARACTER SET utf8 DEFAULT NULL,
  `lastname` varchar(50) NOT NULL,
  `email` varchar(50) DEFAULT NULL,
  `phone` int(10) NOT NULL,
  `address` varchar(255) NOT NULL,
  `note` varchar(255) DEFAULT NULL
) ENGINE=InnoDB DEFAULT CHARSET=utf8mb4;

--
-- Dumping data for table `orders`
--

INSERT INTO `orders` (`id`, `user_id`, `firstname`, `lastname`, `email`, `phone`, `address`, `note`) VALUES
(1, 1, NULL, '', NULL, 0, '', NULL),
(2, 1, 'Vo', 'Nhung', 'vtmn1212@gmail.com', 927719321, 'VNNNN', NULL),
(3, 1, 'MyNhung', 'Vo', '1751010102nhung@ou.edu.vn', 949168998, 'Ho Chi Minh City', NULL),
(4, 1, 'Vo', 'Nhung', 'vtmn1212@gmail.com', 927719321, 'VNNNN', NULL),
(5, 1, 'MyNhung', 'Vo', '1751010102nhung@ou.edu.vn', 927719321, 'Ho Chi Minh City', NULL),
(6, 4, 'MyNhung', 'Vo', 'vtmn1212@gmail.com', 927719321, 'Ho Chi Minh City', '42'),
(7, 1, 'MyNhung', 'Vo', '1751010102nhung@ou.edu.vn', 949168998, 'Ho Chi Minh City', '42'),
(8, 1, 'MyNhung', 'Vo', 'vtmn1212@ou.edu.vn', 927719321, 'Ho Chi Minh City', '42');

-- --------------------------------------------------------

--
-- Table structure for table `orders_details`
--

CREATE TABLE `orders_details` (
  `id` int(11) NOT NULL,
  `order_id` int(11) NOT NULL,
  `product_id` int(11) NOT NULL,
  `quantity` int(11) DEFAULT NULL
) ENGINE=InnoDB DEFAULT CHARSET=utf8mb4;

--
-- Dumping data for table `orders_details`
--

INSERT INTO `orders_details` (`id`, `order_id`, `product_id`, `quantity`) VALUES
(1, 1, 5, 1),
(2, 3, 3, 1),
(3, 5, 10, 2),
(4, 6, 8, 2),
(5, 7, 1, 1),
(6, 8, 1, 1);

-- --------------------------------------------------------

--
-- Table structure for table `products`
--

CREATE TABLE `products` (
  `id` int(11) NOT NULL,
  `title` varchar(100) NOT NULL,
  `image` varchar(255) NOT NULL,
  `image_1` varchar(255) DEFAULT NULL,
  `image_2` varchar(255) DEFAULT NULL,
  `image_3` varchar(255) DEFAULT NULL,
  `description` varchar(500) NOT NULL,
  `price` double NOT NULL,
  `quantity` int(11) NOT NULL,
  `another_CatName` varchar(50) DEFAULT NULL,
  `category_id` int(11) NOT NULL,
  `classify_id` int(11) NOT NULL
) ENGINE=InnoDB DEFAULT CHARSET=utf8mb4;

--
-- Dumping data for table `products`
--

INSERT INTO `products` (`id`, `title`, `image`, `image_1`, `image_2`, `image_3`, `description`, `price`, `quantity`, `another_CatName`, `category_id`, `classify_id`) VALUES
(1, 'Zoom Freak 2 Naij', 'https://static.nike.com/a/images/t_PDP_864_v1/f_auto,b_rgb:f5f5f5/0fd92b55-e68c-47c7-852b-2ae96fbf6d77/zoom-freak-2-naija-basketball-shoe-sjwP6J.jpg', 'https://static.nike.com/a/images/t_PDP_864_v1/f_auto,b_rgb:f5f5f5,q_80/aec8be5c-9447-42d7-bea8-e24ce7f187e0/zoom-freak-2-naija-basketball-shoe-sjwP6J.jpg', 'https://static.nike.com/a/images/t_PDP_864_v1/f_auto,b_rgb:f5f5f5,q_80/374c8228-1bd7-4db2-af0a-507450efdb8a/zoom-freak-2-naija-basketball-shoe-sjwP6J.jpg', 'https://static.nike.com/a/images/t_PDP_864_v1/f_auto,b_rgb:f5f5f5,q_80/92c6fecd-904c-487f-8fe1-2551a748168d/zoom-freak-2-naija-basketball-shoe-sjwP6J.jpg', 'The Zoom Freak 2 Naija nods to Nigeria—the homeland of Giannis\' parents—where soccer is a uniting force for boundless potential, youthful exuberance and infectious charisma. Giannis’ late father, Charles, bonded with his sons through the beautiful game.', 130, 7, 'Basketball Shoe', 1, 1),
(2, 'Nike Joyride Dual Run', 'https://static.nike.com/a/images/t_PDP_864_v1/f_auto,b_rgb:f5f5f5/16b7e9ee-7253-4ad0-9515-3d1265867319/joyride-dual-run-mens-running-shoe-8BGXtk.jpg', 'https://static.nike.com/a/images/t_PDP_864_v1/f_auto,b_rgb:f5f5f5,q_80/ee06e796-f9b6-4724-aa3d-e5961217191c/joyride-dual-run-mens-running-shoe-8BGXtk.jpg', 'https://static.nike.com/a/images/t_PDP_864_v1/f_auto,b_rgb:f5f5f5,q_80/c25e1554-07a2-4f5f-914f-b3ac9ad84d25/joyride-dual-run-mens-running-shoe-8BGXtk.jpg', 'https://static.nike.com/a/images/t_PDP_864_v1/f_auto,b_rgb:f5f5f5,q_80/1fa3209b-c593-4eed-bc91-c1aa40d6665e/joyride-dual-run-mens-running-shoe-8BGXtk.jpg', 'The Nike Joyride Dual Run blazes its own route. Tiny foam beads underfoot combined with traditional cushioning in the forefoot give an incredibly smooth feel that conforms to your foot.', 130, 0, 'Men\'s Running Shoe', 1, 1),
(3, 'Nike Air Zoom Pegasus', 'https://static.nike.com/a/images/t_PDP_864_v1/f_auto,b_rgb:f5f5f5/44297225-bf4c-4dbb-8e8b-a7377b22d05b/air-zoom-pegasus-37-mens-running-shoe-KLvDcj.jpg', 'https://static.nike.com/a/images/t_PDP_864_v1/f_auto,b_rgb:f5f5f5,q_80/ce6f78e2-2a81-4fe9-8e1e-a20f2a1197f9/air-zoom-pegasus-37-mens-running-shoe-KLvDcj.jpg', 'https://static.nike.com/a/images/t_PDP_864_v1/f_auto,b_rgb:f5f5f5,q_80/cc4d1cbc-571e-483f-93fc-a4666e683341/air-zoom-pegasus-37-mens-running-shoe-KLvDcj.jpg', 'https://static.nike.com/a/images/t_PDP_864_v1/f_auto,b_rgb:f5f5f5,q_80/0e4a33d5-a583-4d8d-9b62-e79961aebd51/air-zoom-pegasus-37-mens-running-shoe-KLvDcj.jpg', 'Reinvigorate your stride with the Nike Air Zoom Pegasus 37. Delivering the same fit and feel that runners love, the shoe has an all-new forefoot cushioning unit and foam for maximum responsiveness.', 120, 17, 'Men\'s Running Shoes', 1, 1),
(4, 'Nike SB Bruin React T', 'https://static.nike.com/a/images/t_PDP_864_v1/f_auto,b_rgb:f5f5f5/7c525417-adf7-494a-84b7-bca3bf56e5e4/sb-bruin-react-t-skate-shoe-CQXCD3.jpg', 'https://static.nike.com/a/images/t_PDP_864_v1/f_auto,b_rgb:f5f5f5,q_80/a75e54d7-f20f-4f15-bd12-cad7c0174c0b/sb-bruin-react-t-skate-shoe-CQXCD3.jpg', 'https://static.nike.com/a/images/t_PDP_864_v1/f_auto,b_rgb:f5f5f5,q_80/f2dad362-c33c-4144-af8d-16b8a603eeda/sb-bruin-react-t-skate-shoe-CQXCD3.jpg', 'https://static.nike.com/a/images/t_PDP_864_v1/f_auto,b_rgb:f5f5f5,q_80/201e2e19-43bb-4a0a-b0a7-b04f184e178c/sb-bruin-react-t-skate-shoe-CQXCD3.jpg', 'Want a lightweight, flexible shoe you can ride in all day? Us, too. That\'s why we built the Nike SB Bruin React T. It\'s a durable low-top with springy, responsive Nike React foam—all in a skate-right design.', 100, 4, 'Skate Shoe', 1, 1),
(5, 'Nike Zoom Fly 3', 'https://static.nike.com/a/images/f_auto,b_rgb:f5f5f5,w_440/5cf59b09-3072-4b8e-a4a9-5b5faae745fa/zoom-fly-3-mens-running-shoe-XhzpPH.jpg', 'https://static.nike.com/a/images/f_auto,b_rgb:f5f5f5,q_80,w_440/58a512bd-0833-4c89-8239-dc2fe7ab36b7/zoom-fly-3-mens-running-shoe-XhzpPH.jpg', 'https://static.nike.com/a/images/f_auto,b_rgb:f5f5f5,q_80,w_440/974a1b6a-dfb3-4c17-b883-4621dfd25d6a/zoom-fly-3-mens-running-shoe-XhzpPH.jpg', 'https://static.nike.com/a/images/f_auto,b_rgb:f5f5f5,q_80,w_440/026f1f35-abf7-45d5-b8bc-6b28a5241a2d/zoom-fly-3-mens-running-shoe-XhzpPH.jpg', 'Inspired by the Vaporfly, the Nike Zoom Fly 3 gives distance runners race-day comfort and durability. The power of a carbon fiber plate keeps you in the running mile after mile.', 160, 21, 'Men\'s Running Shoes', 1, 1),
(6, 'LeBron 17 Low', 'https://static.nike.com/a/images/f_auto,b_rgb:f5f5f5,w_440/0b2ea20b-6da3-4948-8692-ac5ca5a4964f/lebron-17-low-basketball-shoe-fHcqqM.jpg', 'https://static.nike.com/a/images/f_auto,b_rgb:f5f5f5,q_80,w_440/5b40a745-da07-4084-9ecd-21be20eba1ed/lebron-17-low-basketball-shoe-fHcqqM.jpg', 'https://static.nike.com/a/images/f_auto,b_rgb:f5f5f5,q_80,w_440/f85bb096-a7fd-4c4c-bc00-ce56808ef27b/lebron-17-low-basketball-shoe-fHcqqM.jpg', 'https://static.nike.com/a/images/f_auto,b_rgb:f5f5f5,q_80,w_440/656eb099-29aa-4f1d-b0d6-7ecdd6349195/lebron-17-low-basketball-shoe-fHcqqM.jpg', 'Fine-tuned for LeBron\'s ferocious game, the LeBron 17 Low gives the King another sensation to add to his arsenal. The combined cushioning platform provides a balanced mix of impact absorption and responsiveness.', 160, 20, 'Basketball Shoe', 1, 1),
(7, 'Nike SB Adversary', 'https://static.nike.com/a/images/f_auto,b_rgb:f5f5f5,w_440/i1-78a04448-9b14-4101-a7d5-042d295772a0/sb-adversary-skate-shoe-X5Dlbh.jpg', 'https://static.nike.com/a/images/f_auto,b_rgb:f5f5f5,q_80,w_440/i1-20e74822-fb2f-49aa-9ce9-19a736156a41/sb-adversary-skate-shoe-X5Dlbh.jpg', 'https://static.nike.com/a/images/f_auto,b_rgb:f5f5f5,q_80,w_440/i1-16feefb9-025e-44b4-94c1-6e098c5d2058/sb-adversary-skate-shoe-X5Dlbh.jpg', 'https://static.nike.com/a/images/f_auto,b_rgb:f5f5f5,q_80,w_440/i1-70ab8019-4824-443a-8b59-41e32f7a8c3f/sb-adversary-skate-shoe-X5Dlbh.jpg', 'The Nike SB Adversary takes you back to the basics. Suede and textile create a classic look that\'s inspired by the 1982 Nike Adversary, while a combination of traditional lacing and ghillie loops let you dial in the perfect fit.', 80, 17, 'Skate Shoe', 1, 1),
(8, 'Nike Killshot OG SP\r\n', 'https://static.nike.com/a/images/f_auto,b_rgb:f5f5f5,w_440/3c144e28-b63a-453b-82a9-d75677bfae1f/killshot-og-sp-mens-shoe-t4btPQ.jpg', 'https://static.nike.com/a/images/f_auto,b_rgb:f5f5f5,q_80,w_440/587fdaa6-27dc-4527-996d-3f7792e75dc8/killshot-og-sp-mens-shoe-t4btPQ.jpg', 'https://static.nike.com/a/images/f_auto,b_rgb:f5f5f5,q_80,w_440/87a1a45c-53d2-48d2-af03-054ed50301ed/killshot-og-sp-mens-shoe-t4btPQ.jpg', 'https://static.nike.com/a/images/f_auto,b_rgb:f5f5f5,q_80,w_440/baf55fec-74c5-4154-bb21-49e554091391/killshot-og-sp-mens-shoe-t4btPQ.jpg', 'The original low-profile tennis shoe returns with the Nike Killshot OG SP. This 1-to-1 retro highlights a variety of throwback materials, like an upper combining layers of open mesh, foam, soft suede overlays. The open foam tongue and heritage sole add co', 90, 18, 'Men\'s Shoe', 1, 1),
(9, 'Nike Air Zoom Terra', 'https://static.nike.com/a/images/f_auto,b_rgb:f5f5f5,w_440/d699601c-62f8-4b8c-9f02-36e92fa4ee73/air-zoom-terra-kiger-6-womens-trail-running-shoe-CnfDJ2.jpg', 'https://static.nike.com/a/images/f_auto,b_rgb:f5f5f5,q_80,w_440/7d1bf4c4-6883-4916-aa43-1ebe52c2b659/air-zoom-terra-kiger-6-womens-trail-running-shoe-CnfDJ2.jpg', 'https://static.nike.com/a/images/f_auto,b_rgb:f5f5f5,q_80,w_440/c92f8670-06e1-40ed-8a60-636ef53f89af/air-zoom-terra-kiger-6-womens-trail-running-shoe-CnfDJ2.jpg', 'https://static.nike.com/a/images/f_auto,b_rgb:f5f5f5,q_80,w_440/f9bd38f9-f495-4043-a0bd-85ecfc870b1d/air-zoom-terra-kiger-6-womens-trail-running-shoe-CnfDJ2.jpg', 'The Nike Air Zoom Terra Kiger 6 is built to take on wet and rocky trails. Lightweight in design, it features a sleeker look with a woven heel for a secure fit and feel.', 130, 20, 'Women\'s Trail Running Shoe', 1, 2),
(10, 'Nike Vista Lite', 'https://static.nike.com/a/images/t_PDP_864_v1/f_auto,b_rgb:f5f5f5/52f48b71-967f-4f29-a9a4-a59b1dedf2a0/vista-lite-womens-shoe-f347DR.jpg', 'https://static.nike.com/a/images/f_auto,b_rgb:f5f5f5,q_80,w_440/3678b47a-4ef0-4196-81f1-167c7b59bc43/vista-lite-womens-shoe-f347DR.jpg', 'https://static.nike.com/a/images/f_auto,b_rgb:f5f5f5,q_80,w_440/6c4d946f-121b-48bb-8e0b-0c67e6ba0526/vista-lite-womens-shoe-f347DR.jpg', 'https://static.nike.com/a/images/f_auto,b_rgb:f5f5f5,q_80,w_440/89ae3fd6-cb09-48a9-8ba2-3a874e95b3fc/vista-lite-womens-shoe-f347DR.jpg', 'The Nike Vista Lite brings you to a bold new place. Using soft foam, this shoe provides comfort you can see in a brand new silhouette.', 100, 18, 'Women\'s Shoe', 1, 2),
(12, 'Nike Sportswear Swoosh', 'https://static.nike.com/a/images/t_PDP_864_v1/f_auto,b_rgb:f5f5f5/e425b9bb-d388-475f-a646-a44ff62f10f1/sportswear-swoosh-mens-woven-jacket-zwnqMl.jpg', 'https://static.nike.com/a/images/t_PDP_864_v1/f_auto,b_rgb:f5f5f5,q_80/caff512d-ad85-4382-9637-68b74fb437ee/sportswear-swoosh-mens-woven-jacket-zwnqMl.jpg', 'https://static.nike.com/a/images/t_PDP_864_v1/f_auto,b_rgb:f5f5f5,q_80/c89ade37-fd6b-4225-b36f-6928ff50475c/sportswear-swoosh-mens-woven-jacket-zwnqMl.jpg', 'https://static.nike.com/a/images/t_PDP_864_v1/f_auto,b_rgb:f5f5f5,q_80/7b79ca71-4977-49d5-a2a8-1442a4ce16fe/sportswear-swoosh-mens-woven-jacket-zwnqMl.jpg', 'The Nike SportswearJ acket builds on the tried-and-true anorak silhouette. Contrasting color panels and big branding provide a Nike-only look that shows love for Swoosh.', 130, 20, 'Men\'s Woven Jacket', 2, 1),
(13, 'Nike Dri-FIT Therma\r\n\r\n', 'https://c.static-nike.com/a/images/t_PDP_864_v1/f_auto,b_rgb:f5f5f5/m9vqjra6ssiud2hgpgpp/dri-fit-therma-mens-training-pants-xV5QHN.jpg', 'https://c.static-nike.com/a/images/t_PDP_864_v1/f_auto,b_rgb:f5f5f5,q_80/h9gk3bheznkj7fwirpcc/dri-fit-therma-mens-training-pants-xV5QHN.jpg', 'https://c.static-nike.com/a/images/t_PDP_864_v1/f_auto,b_rgb:f5f5f5,q_80/rwsctqlo4pvemrysmht7/dri-fit-therma-mens-training-pants-xV5QHN.jpg', 'https://c.static-nike.com/a/images/t_PDP_864_v1/f_auto,b_rgb:f5f5f5,q_80/zrkzftdubogr1xqfjvkw/dri-fit-therma-mens-training-pants-xV5QHN.jpg', 'The Nike Dri-FIT Therma Men\'s Training Pants are made with heat-managing fabric, so you can stay warm when the temperature drops during your workout.', 55, 50, 'Men\'s Training Pants', 3, 1),
(14, 'Nike Sportswear RPM', 'https://static.nike.com/a/images/t_PDP_864_v1/f_auto,b_rgb:f5f5f5/i1-b27a940b-4922-49a1-bb08-65a0f68437df/sportswear-rpm-backpack-f6pVpb.jpg', 'https://static.nike.com/a/images/t_PDP_864_v1/f_auto,b_rgb:f5f5f5,q_80/i1-79ac4823-f448-48b9-a225-4651bd48d120/sportswear-rpm-backpack-f6pVpb.jpg', 'https://static.nike.com/a/images/t_PDP_864_v1/f_auto,b_rgb:f5f5f5,q_80/i1-9f360a92-5c40-4bfe-a357-4f1768ef3976/sportswear-rpm-backpack-f6pVpb.jpg', 'https://static.nike.com/a/images/t_PDP_864_v1/f_auto,b_rgb:f5f5f5,q_80/i1-04aed28f-a390-4fb0-acc7-55c6016db5c4/sportswear-rpm-backpack-f6pVpb.jpg', 'The Nike Sportswear RPM Backpack is made to hold it all. With a padded back for comfort and a versatile strap system, it\'s ideal for all your on-the-go needs.', 90, 50, 'Backpack', 4, 1),
(15, 'LeBron 17 MTAA', 'https://static.nike.com/a/images/t_PDP_864_v1/f_auto,b_rgb:f5f5f5/26e4428a-9440-4715-bb36-75d839eed0ff/lebron-17-mtaa-basketball-shoe-qGM3Bv.jpg', 'https://static.nike.com/a/images/t_PDP_864_v1/f_auto,b_rgb:f5f5f5,q_80/ec15d7df-8ef5-4b6b-9f52-f615d256e913/lebron-17-mtaa-basketball-shoe-qGM3Bv.jpg', 'https://static.nike.com/a/images/t_PDP_864_v1/f_auto,b_rgb:f5f5f5,q_80/0aa2ac13-7fc1-49fa-a188-5d8584832568/lebron-17-mtaa-basketball-shoe-qGM3Bv.jpg', 'https://static.nike.com/a/images/t_PDP_864_v1/f_auto,b_rgb:f5f5f5,q_80/b72b96e2-add2-41b4-8abc-361e0ac2b6c6/lebron-17-mtaa-basketball-shoe-qGM3Bv.jpg', '\"More Than An Athlete\" represents the ethos of Uninterrupted and the unfiltered, authentic voices of athletes everywhere. The phrase is a core belief and a constant rallying cry for athletes who aim to impact the game and extend beyond the lines of their respective sport. The LeBron 17 MTAA takes the silhouette to a new space with customizable elements that give you the tools to express your story and celebrate your journey. You are more than.', 97.97, 49, 'Basketball Shoe', 1, 2),
(17, 'Giannis Swoosh Freak', 'https://static.nike.com/a/images/t_PDP_864_v1/f_auto,b_rgb:f5f5f5/ce7bf236-ae9b-4bd1-98ee-c8b8b997ce38/giannis-swoosh-freak-mens-dri-fit-t-shirt-4RtcWf.jpg', 'https://static.nike.com/a/images/t_PDP_864_v1/f_auto,b_rgb:f5f5f5,q_80/9d45dc1e-dabc-4258-ac8a-5e1d76d6904a/giannis-swoosh-freak-mens-dri-fit-t-shirt-4RtcWf.jpg', 'https://static.nike.com/a/images/t_PDP_864_v1/f_auto,b_rgb:f5f5f5,q_80/b5f09f86-1e97-4fe0-8c4e-06afd14d5d39/giannis-swoosh-freak-mens-dri-fit-t-shirt-4RtcWf.jpg', 'https://static.nike.com/a/images/t_PDP_864_v1/f_auto,b_rgb:f5f5f5,q_80/cbd1de72-23a6-4d30-9bdf-7421b35766a8/giannis-swoosh-freak-mens-dri-fit-t-shirt-4RtcWf.jpg', 'Get fluent in Freakish in this season\'s Giannis Swoosh Freak T-Shirt from Nike Basketball. It\'s made from soft, lightweight fabric with printed graphics honoring the MVP.', 35, 50, 'Men\'s Nike Dri-FIT T-Shirt', 2, 1),
(18, 'Nike Sportswear NSW', 'https://static.nike.com/a/images/t_PDP_864_v1/f_auto,b_rgb:f5f5f5/be49c84e-716a-44c4-b5b9-33ce26e2ac3b/sportswear-nsw-mens-pullover-hoodie-knslnv.jpg', 'https://static.nike.com/a/images/t_PDP_864_v1/f_auto,b_rgb:f5f5f5,q_80/e1e4c9a5-9444-42eb-bef6-3d609b383e93/sportswear-nsw-mens-pullover-hoodie-knslnv.jpg', 'https://static.nike.com/a/images/t_PDP_864_v1/f_auto,b_rgb:f5f5f5,q_80/715f711d-0cfa-4ea7-b9bb-3b67bc4d7456/sportswear-nsw-mens-pullover-hoodie-knslnv.jpg', 'https://static.nike.com/a/images/t_PDP_864_v1/f_auto,b_rgb:f5f5f5,q_80/b9dbeac7-7230-4352-83f0-7d93d1e7acbf/sportswear-nsw-mens-pullover-hoodie-knslnv.jpg', 'Woven ripstop details at the hood and zippered sleeve pocket give the Nike Sportswear Pullover Hoodie a premium look ready for everyday wear. The chest graphic uses the reverse side of the fleece, adding a unique look and texture to this updated favorite.', 100, 50, 'Men\'s Pullover Hoodie', 2, 1),
(19, 'Nike Dri-FIT Rise 365 Wild Run', 'https://static.nike.com/a/images/t_PDP_864_v1/f_auto,b_rgb:f5f5f5/16d620f5-ada3-4758-955e-37bd4eb1626a/dri-fit-rise-365-wild-run-mens-running-tank-14bFZz.jpg', 'https://static.nike.com/a/images/t_PDP_864_v1/f_auto,b_rgb:f5f5f5,q_80/688255c6-f7b9-4274-b709-622c67c7c4ef/dri-fit-rise-365-wild-run-mens-running-tank-14bFZz.jpg', 'https://static.nike.com/a/images/t_PDP_864_v1/f_auto,b_rgb:f5f5f5,q_80/fb862592-79a7-4af2-b68a-b413809887a7/dri-fit-rise-365-wild-run-mens-running-tank-14bFZz.jpg', 'https://static.nike.com/a/images/t_PDP_864_v1/f_auto,b_rgb:f5f5f5,q_80/51cd892e-be45-42d5-bf59-56ea0148bef3/dri-fit-rise-365-wild-run-mens-running-tank-14bFZz.jpg', 'The Nike Dri-FIT Rise 365 Wild Run Tank delivers versatile performance for everyday running. Designed for lightweight mobility, the top features a soft feel with increased ventilation where you need it most.', 50, 50, 'Men\'s Running Tank', 2, 1),
(20, 'Nike Exploration Series', 'https://static.nike.com/a/images/t_PDP_864_v1/f_auto,b_rgb:f5f5f5/89c2ec1a-282d-457b-b335-c69b82efdd85/exploration-series-mens-basketball-t-shirt-Q9PvqM.jpg', 'https://static.nike.com/a/images/t_PDP_864_v1/f_auto,b_rgb:f5f5f5,q_80/75eeb575-ad90-43bd-8c75-483264b8825d/exploration-series-mens-basketball-t-shirt-Q9PvqM.jpg', 'https://static.nike.com/a/images/t_PDP_864_v1/f_auto,b_rgb:f5f5f5,q_80/52c88e91-6d53-4e0c-891c-766a0a44f82f/exploration-series-mens-basketball-t-shirt-Q9PvqM.jpg', 'https://static.nike.com/a/images/t_PDP_864_v1/f_auto,b_rgb:f5f5f5,q_80/d61c8340-ef6d-4b52-b59c-e872baea9ff5/exploration-series-mens-basketball-t-shirt-Q9PvqM.jpg', 'Inspired by warmups from \'92, the Nike Exploration Series T-Shirt features traditional tie-dye on structured, midweight cotton with a slightly boxy fit.', 40, 50, 'Men\'s Basketball T-Shirt', 2, 1),
(21, 'Nike', 'https://static.nike.com/a/images/t_PDP_864_v1/f_auto,b_rgb:f5f5f5/i1-54913663-344c-4e8e-bfb0-4fe67f181058/mens-short-sleeve-training-top-F7vLS5.jpg', 'https://static.nike.com/a/images/t_PDP_864_v1/f_auto,b_rgb:f5f5f5,q_80/i1-58fc486d-501a-464b-9224-cfe1b08d0834/mens-short-sleeve-training-top-F7vLS5.jpg', 'https://static.nike.com/a/images/t_PDP_864_v1/f_auto,b_rgb:f5f5f5,q_80/i1-25a607c6-5363-4f4f-9404-c4c7e73a5dec/mens-short-sleeve-training-top-F7vLS5.jpg', 'https://static.nike.com/a/images/t_PDP_864_v1/f_auto,b_rgb:f5f5f5,q_80/i1-b8ac8326-391c-4d2e-b700-87895f488405/mens-short-sleeve-training-top-F7vLS5.jpg', 'The Nike Top is made with soft, sweat-wicking fabric to help keep you dry while you train. The front has a soft cotton feel with a little bit of stretch, and the back is made of lightweight mesh.', 40, 50, 'Men\'s Short-Sleeve Training Top', 2, 1),
(22, 'Nike Dri-FIT Blue Ribbon Sports', 'https://static.nike.com/a/images/t_PDP_864_v1/f_auto,b_rgb:f5f5f5/i1-08e0cc75-08fe-401b-b807-803f04c7333e/dri-fit-blue-ribbon-sports-running-t-shirt-g1TbQw.jpg', 'https://static.nike.com/a/images/t_PDP_864_v1/f_auto,b_rgb:f5f5f5,q_80/i1-59fd1804-70a2-4d72-af70-f7a29a351f48/dri-fit-blue-ribbon-sports-running-t-shirt-g1TbQw.jpg', 'https://static.nike.com/a/images/t_PDP_864_v1/f_auto,b_rgb:f5f5f5,q_80/i1-f1796a11-98a3-4751-bcd1-d0817cfca723/dri-fit-blue-ribbon-sports-running-t-shirt-g1TbQw.jpg', 'https://static.nike.com/a/images/t_PDP_864_v1/f_auto,b_rgb:f5f5f5,q_80/i1-c0518ddb-652c-40c9-abb8-f6bbd22b7e67/dri-fit-blue-ribbon-sports-running-t-shirt-g1TbQw.jpg', 'The Nike Dri-FIT Blue Ribbon Sports T-Shirt delivers a soft feel with sweat-wicking technology for everyday wear. Vintage graphics pay tribute to Nike\'s original name.', 30, 50, 'Running T-Shirt', 2, 1),
(23, 'Nike Sportswear JDI', 'https://static.nike.com/a/images/t_PDP_864_v1/f_auto,b_rgb:f5f5f5/u1zdvupiwoyyilv7pohm/sportswear-jdi-mens-t-shirt-s23bM6.jpg', 'https://static.nike.com/a/images/t_PDP_864_v1/f_auto,b_rgb:f5f5f5,q_80/zsdvaevg6go9seqbb3fq/sportswear-jdi-mens-t-shirt-s23bM6.jpg', 'https://static.nike.com/a/images/t_PDP_864_v1/f_auto,b_rgb:f5f5f5,q_80/v4h4sqhe5hjnfscarmur/sportswear-jdi-mens-t-shirt-s23bM6.jpg', 'https://static.nike.com/a/images/t_PDP_864_v1/f_auto,b_rgb:f5f5f5,q_80/ane529ezmeamshzmtl31/sportswear-jdi-mens-t-shirt-s23bM6.jpg', 'The Nike Sportswear JDI T-Shirt sets you up with soft jersey fabric and a \"Just Do It.\" logo across the chest.', 25, 50, 'Men\'s T-Shirt', 2, 1),
(24, 'Nike AeroSwift', 'https://static.nike.com/a/images/t_PDP_864_v1/f_auto,b_rgb:f5f5f5/i1-df793aff-ee3e-429d-890b-6f086f9f89bf/aeroswift-mens-running-singlet-ZGB2Gt.jpg', 'https://static.nike.com/a/images/t_PDP_864_v1/f_auto,b_rgb:f5f5f5,q_80/i1-cd75f716-a7d6-4a8f-a054-0513b6ea44e5/aeroswift-mens-running-singlet-ZGB2Gt.jpg', 'https://static.nike.com/a/images/t_PDP_864_v1/f_auto,b_rgb:f5f5f5,q_80/i1-33bb267c-4146-49a1-984f-f80a02032044/aeroswift-mens-running-singlet-ZGB2Gt.jpg', 'https://static.nike.com/a/images/t_PDP_864_v1/f_auto,b_rgb:f5f5f5,q_80/i1-2e2b29ca-6383-4a1b-a880-f4423ec4475c/aeroswift-mens-running-singlet-ZGB2Gt.jpg', 'The Nike AeroSwift Singlet delivers lightweight mobility for your race. Its innovative, runner-informed design keeps you cool as your route heats up. This product is made with at least 75% recycled polyester.', 70, 50, 'Men\'s Running Singlet', 2, 1),
(25, 'Jordan Brand', 'https://static.nike.com/a/images/t_PDP_864_v1/f_auto,b_rgb:f5f5f5/ad2044e3-d9f8-43f4-b3cb-508f25ba914a/jordan-brand-mens-short-sleeve-graphic-crew-vbhZn2.jpg', 'https://static.nike.com/a/images/t_PDP_864_v1/f_auto,b_rgb:f5f5f5,q_80/ae701155-1e83-41ec-ae7b-131aa018d0ef/jordan-brand-mens-short-sleeve-graphic-crew-vbhZn2.jpg', 'https://static.nike.com/a/images/t_PDP_864_v1/f_auto,b_rgb:f5f5f5,q_80/af238d6c-958c-4c69-81ff-1b10575ba101/jordan-brand-mens-short-sleeve-graphic-crew-vbhZn2.jpg', 'https://static.nike.com/a/images/t_PDP_864_v1/f_auto,b_rgb:f5f5f5,q_80/e7819b7d-a0c7-456d-b0ef-1aff2a305943/jordan-brand-mens-short-sleeve-graphic-crew-vbhZn2.jpg', 'Take off in the Jordan Brand Crew, a soft T-shirt with a whimsical AJ1 graphic.', 35, 50, 'Men\'s Short-Sleeve Graphic Crew', 2, 1),
(26, 'Nike Dri-FIT', 'https://static.nike.com/a/images/t_PDP_864_v1/f_auto,b_rgb:f5f5f5/i1-51b67778-1e86-4ca4-9b0e-a422f461eadc/dri-fit-mens-training-tank-8Lqd61.jpg', 'https://static.nike.com/a/images/t_PDP_864_v1/f_auto,b_rgb:f5f5f5,q_80/i1-caf73465-b87c-4a5b-9618-eb118a3e5567/dri-fit-mens-training-tank-8Lqd61.jpg', 'https://static.nike.com/a/images/t_PDP_864_v1/f_auto,b_rgb:f5f5f5,q_80/i1-712e302e-1388-4f4d-99ee-895462a653d2/dri-fit-mens-training-tank-8Lqd61.jpg', 'https://static.nike.com/a/images/t_PDP_864_v1/f_auto,b_rgb:f5f5f5,q_80/i1-552488eb-f6ab-4889-8254-b5c35753219e/dri-fit-mens-training-tank-8Lqd61.jpg', 'The Nike Dri-FIT Tank is made with soft, sweat-wicking fabric in a sleeveless profile to help keep you comfortable and moving freely through your workout.', 25, 50, ' Nike Dri-FIT', 2, 1),
(27, 'Jordan Poolside', 'https://static.nike.com/a/images/t_PDP_864_v1/f_auto,b_rgb:f5f5f5/i1-e2befe16-772b-473e-bd21-e8483de9ce39/jordan-poolside-mens-t-shirt-xwP8pV.jpg', 'https://static.nike.com/a/images/t_PDP_864_v1/f_auto,b_rgb:f5f5f5,q_80/i1-cb684299-81b6-45e0-9d34-9b6a2ca0a786/jordan-poolside-mens-t-shirt-xwP8pV.jpg', 'https://static.nike.com/a/images/t_PDP_864_v1/f_auto,b_rgb:f5f5f5,q_80/i1-eb8c86d3-aa13-4302-bd12-0854520b8b96/jordan-poolside-mens-t-shirt-xwP8pV.jpg', 'https://static.nike.com/a/images/t_PDP_864_v1/f_auto,b_rgb:f5f5f5,q_80/i1-ab0848b8-c1c5-41b4-9116-e6eeb0f97b47/jordan-poolside-mens-t-shirt-xwP8pV.jpg', 'The Jordan Poolside T-Shirt is made from soft cotton fabric and features a fresh graphic play on the iconic Jumpman design.', 35, 50, 'Men\'s T-Shirt', 2, 1),
(28, 'Nike Dri-FIT Elite', 'https://static.nike.com/a/images/t_PDP_864_v1/f_auto,b_rgb:f5f5f5/8d3e2fcf-404d-4ead-84f7-0f8176621718/dri-fit-elite-mens-basketball-t-shirt-s9XS2K.jpg', 'https://static.nike.com/a/images/t_PDP_864_v1/f_auto,b_rgb:f5f5f5,q_80/6f0477e5-4c5a-4d36-993e-4dbf7187e8b0/dri-fit-elite-mens-basketball-t-shirt-s9XS2K.jpg', 'https://static.nike.com/a/images/t_PDP_864_v1/f_auto,b_rgb:f5f5f5,q_80/4e1fb2f2-33a6-4289-85c0-9775b7b9fe1d/dri-fit-elite-mens-basketball-t-shirt-s9XS2K.jpg', 'https://static.nike.com/a/images/t_PDP_864_v1/f_auto,b_rgb:f5f5f5,q_80/081ae2ce-33ac-4ee8-9e1b-9df8aab4eb54/dri-fit-elite-mens-basketball-t-shirt-s9XS2K.jpg', 'The Nike Dri-FIT Elite T-Shirt is made with lightweight, sweat-wicking fabric. A floral graphic is inspired by the bouquets champion athletes receive on the medal stand.', 25, 50, 'Men\'s Basketball T-Shirt', 2, 1),
(29, 'Nike Sportswear Tech Fleece', 'https://static.nike.com/a/images/t_PDP_864_v1/f_auto,b_rgb:f5f5f5/0d91d3d2-b313-44a1-a769-9e908598e0a1/sportswear-tech-fleece-mens-shorts-8sXggV.jpg', 'https://static.nike.com/a/images/t_PDP_864_v1/f_auto,b_rgb:f5f5f5,q_80/0b8aa393-250f-4f52-95cf-e3df6b729cb4/sportswear-tech-fleece-mens-shorts-8sXggV.jpg', 'https://static.nike.com/a/images/t_PDP_864_v1/f_auto,b_rgb:f5f5f5,q_80/5dab31eb-3e99-4a79-91b8-6c1427a4a8a0/sportswear-tech-fleece-mens-shorts-8sXggV.jpg', 'https://static.nike.com/a/images/t_PDP_864_v1/f_auto,b_rgb:f5f5f5,q_80/7d9e8293-aeaa-4fdc-ac31-18879134538f/sportswear-tech-fleece-mens-shorts-8sXggV.jpg', 'The Nike Sportswear Tech Fleece Shorts are made with double-sided spacer fleece engineered to maximize warmth without adding extra weight or bulk to your look. Side seam pockets provide quick storage, while an elastic drawstring waist lets you adjust the ', 75, 50, 'Men\'s Shorts', 3, 1),
(30, 'Nike Sportswear', 'https://static.nike.com/a/images/t_PDP_864_v1/f_auto,b_rgb:f5f5f5/b07185ab-7f40-4692-ae74-e47a1fc4d1a0/sportswear-mens-joggers-mfNvHK.jpg', 'https://static.nike.com/a/images/t_PDP_864_v1/f_auto,b_rgb:f5f5f5,q_80/ec17967c-7736-4c04-b742-3f4d1373fd3c/sportswear-mens-joggers-mfNvHK.jpg', 'https://static.nike.com/a/images/t_PDP_864_v1/f_auto,b_rgb:f5f5f5,q_80/d80fe9c0-3450-42f2-969f-71e64d5b5013/sportswear-mens-joggers-mfNvHK.jpg', 'https://static.nike.com/a/images/t_PDP_864_v1/f_auto,b_rgb:f5f5f5,q_80/927b6043-f97a-4994-9098-402620ea0345/sportswear-mens-joggers-mfNvHK.jpg', 'Made from a soft, stretchy knit, the Nike Sportswear Joggers will keep you comfortable and covered all day long. Ribbed cuffs and tech-inspired details elevate this everyday look.', 110, 50, 'Men\'s Joggers', 3, 1),
(31, 'Nike Sportswear', 'https://static.nike.com/a/images/t_PDP_864_v1/f_auto,b_rgb:f5f5f5/31c187f3-3860-44d9-93b2-bd71d8bb814c/sportswear-mens-woven-shorts-VFft3H.jpg', 'https://static.nike.com/a/images/t_PDP_864_v1/f_auto,b_rgb:f5f5f5,q_80/83b2d3e7-4159-45c5-8d03-ac911ad0e2b4/sportswear-mens-woven-shorts-VFft3H.jpg', 'https://static.nike.com/a/images/t_PDP_864_v1/f_auto,b_rgb:f5f5f5,q_80/65ab3c86-ea96-48be-88f8-c3ba0b7349c9/sportswear-mens-woven-shorts-VFft3H.jpg', 'https://static.nike.com/a/images/t_PDP_864_v1/f_auto,b_rgb:f5f5f5,q_80/d4a6039c-b816-4498-ae0a-c6a00063d787/sportswear-mens-woven-shorts-VFft3H.jpg', 'The Nike Sportswear Shorts have a breathable mesh lining and lightweight woven fabric. The back pocket has a drainage grommet ideal for days spent in or out of the water.', 45, 50, 'Men\'s Woven Shorts', 3, 1),
(32, 'Nike Sportswear City Edition', 'https://static.nike.com/a/images/t_PDP_864_v1/f_auto,b_rgb:f5f5f5/59efa39d-ea14-41c0-b18f-dfd97a6376f6/sportswear-city-edition-mens-woven-shorts-mTgTN6.jpg', 'https://static.nike.com/a/images/t_PDP_864_v1/f_auto,b_rgb:f5f5f5,q_80/39f7d39b-982a-4972-aa88-b162ac663fe2/sportswear-city-edition-mens-woven-shorts-mTgTN6.jpg', 'https://static.nike.com/a/images/t_PDP_864_v1/f_auto,b_rgb:f5f5f5,q_80/ea7b94d0-f1e2-4309-8bac-8971a8478e9b/sportswear-city-edition-mens-woven-shorts-mTgTN6.jpg', 'https://static.nike.com/a/images/t_PDP_864_v1/f_auto,b_rgb:f5f5f5,q_80/59948812-cb23-438e-8950-225e1c8679c2/sportswear-city-edition-mens-woven-shorts-mTgTN6.jpg', 'Featuring a tonal color-block design, the Nike Sportswear Shorts give you a classic look with simple, street-ready style. Crafted from a lightweight woven fabric and soft mesh lining.', 50, 50, 'Men\'s Woven Shorts', 3, 1),
(33, 'Nike Flex Stride Future Fast', 'https://static.nike.com/a/images/t_PDP_864_v1/f_auto,b_rgb:f5f5f5/i1-8b9c56ab-b1b4-4ed1-9b80-efa6f36dc041/flex-stride-future-fast-mens-5-brief-lined-running-shorts-jz7V3S.jpg', 'https://static.nike.com/a/images/t_PDP_864_v1/f_auto,b_rgb:f5f5f5,q_80/i1-60876f00-c8e7-452c-b524-ec7039ec9cde/flex-stride-future-fast-mens-5-brief-lined-running-shorts-jz7V3S.jpg', 'https://static.nike.com/a/images/t_PDP_864_v1/f_auto,b_rgb:f5f5f5,q_80/i1-10a24b76-fba4-49c9-a196-cf5cf8a7b942/flex-stride-future-fast-mens-5-brief-lined-running-shorts-jz7V3S.jpg', 'https://static.nike.com/a/images/t_PDP_864_v1/f_auto,b_rgb:f5f5f5,q_80/i1-3993a86c-7efb-4452-931e-ca7300deebe8/flex-stride-future-fast-mens-5-brief-lined-running-shorts-jz7V3S.jpg', 'The Nike Flex Stride Future Fast Shorts get updated with an all-new woven fabric and enhanced breathability at the back. Their soft liner provides support and helps you moving freely through your stride. This product is made with at least 50% recycled pol', 50, 50, 'Men\'s 5\" Brief-Lined Running Shorts', 3, 1),
(34, 'Nike Sportswear Club', 'https://static.nike.com/a/images/t_PDP_864_v1/f_auto,b_rgb:f5f5f5,q_80/4f7f0de1-c66c-4f19-bd75-bfa6558f62ae/sportswear-club-mens-graphic-shorts-hQgvng.jpg', 'https://static.nike.com/a/images/t_PDP_864_v1/f_auto,b_rgb:f5f5f5,q_80/1a6c2f11-08e8-4ba0-ae73-638517e69a0a/sportswear-club-mens-graphic-shorts-hQgvng.jpg', 'https://static.nike.com/a/images/t_PDP_864_v1/f_auto,b_rgb:f5f5f5/be1d64ad-4773-41ed-951e-86e13e6715b6/sportswear-club-mens-graphic-shorts-hQgvng.jpg', 'https://static.nike.com/a/images/t_PDP_864_v1/f_auto,b_rgb:f5f5f5,q_80/e7229a38-9fa0-45c5-a956-d811c3e8d38b/sportswear-club-mens-graphic-shorts-hQgvng.jpg', 'The Nike Sportswear Club Shorts blend classic comfort with a bold graphic for street-ready style. Crafted from soft fleece, they\'ve got you covered for all-day wear.', 35, 50, 'Men\'s Graphic Shorts', 3, 1),
(35, 'Nike Blue Ribbon Sports', 'https://static.nike.com/a/images/t_PDP_864_v1/f_auto,b_rgb:f5f5f5/i1-99359df7-f2d2-4ff9-ad33-299b39fec12b/blue-ribbon-sports-running-pants-BrmlXm.jpg', 'https://static.nike.com/a/images/t_PDP_864_v1/f_auto,b_rgb:f5f5f5,q_80/i1-d64f9e3f-9da5-4f37-b466-d2fa49c27748/blue-ribbon-sports-running-pants-BrmlXm.jpg', 'https://static.nike.com/a/images/t_PDP_864_v1/f_auto,b_rgb:f5f5f5,q_80/i1-497dc8b7-6cf8-401c-8791-775ff1a0edfd/blue-ribbon-sports-running-pants-BrmlXm.jpg', 'https://static.nike.com/a/images/t_PDP_864_v1/f_auto,b_rgb:f5f5f5,q_80/i1-c8bc1257-e291-4ce3-b7d3-14cea668915a/blue-ribbon-sports-running-pants-BrmlXm.jpg', 'With a standard fit above the knee and a slimmer fit below, the Nike Pants are your go-to for soft, tapered comfort. The lightweight design adds 4-way stretch for flexibility in motion.', 100, 50, 'Running Pants', 3, 1),
(36, 'Nike Flex Stride Blue Ribbon Sports', 'https://static.nike.com/a/images/t_PDP_864_v1/f_auto,b_rgb:f5f5f5/i1-4ed4ae48-f1c3-4513-8b36-c0c5fabbb0d3/flex-stride-blue-ribbon-sports-mens-5-brief-lined-running-shorts-d8J3Lx.jpg', 'https://static.nike.com/a/images/t_PDP_864_v1/f_auto,b_rgb:f5f5f5,q_80/i1-79336d3a-921e-4b6b-ab72-88aa5453dc08/flex-stride-blue-ribbon-sports-mens-5-brief-lined-running-shorts-d8J3Lx.jpg', 'https://static.nike.com/a/images/t_PDP_864_v1/f_auto,b_rgb:f5f5f5,q_80/i1-da5a9feb-a069-4250-8d10-71d561457e87/flex-stride-blue-ribbon-sports-mens-5-brief-lined-running-shorts-d8J3Lx.jpg', 'https://static.nike.com/a/images/t_PDP_864_v1/f_auto,b_rgb:f5f5f5,q_80/i1-529f34fa-d7de-4cff-b50d-dab782e86e51/flex-stride-blue-ribbon-sports-mens-5-brief-lined-running-shorts-d8J3Lx.jpg', 'The Nike Flex Stride Shorts are updated with an all-new woven fabric and enhanced breathability in high-sweat areas. Their soft brief liner provides secure support where you need it.', 55, 50, 'Men\'s 5\" Brief-Lined Running Shorts', 3, 1),
(37, 'Nike Hayward 2.0', 'https://static.nike.com/a/images/t_PDP_864_v1/f_auto,b_rgb:f5f5f5,q_80/vk9u95smtz3h5isek93r/hayward-2-backpack-f2CmBL.jpg', 'https://static.nike.com/a/images/t_PDP_864_v1/f_auto,b_rgb:f5f5f5,q_80/hkvre0hpgssnrdflqiuq/hayward-2-backpack-f2CmBL.jpg', 'https://static.nike.com/a/images/t_PDP_864_v1/f_auto,b_rgb:f5f5f5/i0ij9cfywnihwxlze2bu/hayward-2-backpack-f2CmBL.jpg', 'https://static.nike.com/a/images/t_PDP_864_v1/f_auto,b_rgb:f5f5f5,q_80/ggptywqnygatvznc0chh/hayward-2-backpack-f2CmBL.jpg', 'The Nike Hayward 2.0 Backpack updates an old favorite with plenty of room for your gear. The durable shell features a new graphic along with additional pockets for extra small-item storage.', 55, 49, 'Backpack', 4, 1),
(38, 'Nike SB RPM', 'https://static.nike.com/a/images/t_PDP_864_v1/f_auto,b_rgb:f5f5f5/i1-ba90348d-9194-4d48-b0d7-21d50fac3ba5/sb-rpm-skateboarding-backpack-bqK1B1.jpg', 'https://static.nike.com/a/images/t_PDP_864_v1/f_auto,b_rgb:f5f5f5,q_80/i1-ecbe65ed-40a3-4f65-a2e0-8e25911eba1e/sb-rpm-skateboarding-backpack-bqK1B1.jpg', 'https://static.nike.com/a/images/t_PDP_864_v1/f_auto,b_rgb:f5f5f5,q_80/i1-3671c61a-fe95-4392-bdf7-d8a9c61beeef/sb-rpm-skateboarding-backpack-bqK1B1.jpg', 'https://static.nike.com/a/images/t_PDP_864_v1/f_auto,b_rgb:f5f5f5,q_80/i1-5b858813-f1b3-4ddf-ad6d-e1cbc3760854/sb-rpm-skateboarding-backpack-bqK1B1.jpg', 'The water-resistant Nike SB RPM Skateboarding Backpack offers a spot for all your gear, including your skateboard and your laptop.', 90, 50, 'Skateboarding Backpack', 4, 1),
(39, 'Nike SB Heritage', 'https://static.nike.com/a/images/t_PDP_864_v1/f_auto,b_rgb:f5f5f5/i1-02d22a84-91a9-463c-935a-ce4b03476a18/sb-heritage-printed-skate-hip-pack-Mq0M3G.jpg', 'https://static.nike.com/a/images/t_PDP_864_v1/f_auto,b_rgb:f5f5f5,q_80/i1-352ef3a4-1938-4ac9-b30f-69721673336e/sb-heritage-printed-skate-hip-pack-Mq0M3G.jpg', 'https://static.nike.com/a/images/t_PDP_864_v1/f_auto,b_rgb:f5f5f5,q_80/i1-fcd77c46-6381-4825-bd0f-cf576569e26a/sb-heritage-printed-skate-hip-pack-Mq0M3G.jpg', 'https://static.nike.com/a/images/t_PDP_864_v1/f_auto,b_rgb:f5f5f5,q_80/i1-4c1d60b3-9873-4200-91ef-2fe6d7a673f9/sb-heritage-printed-skate-hip-pack-Mq0M3G.jpg', 'The Nike SB Heritage Hip Pack lets you easily access and carry your gear. A tropical print puts a vacation-ready spin on this essential accessory.', 25, 50, 'Printed Skate Hip Pack', 4, 1),
(40, 'Nike Everyday Cushioned', 'https://c.static-nike.com/a/images/t_PDP_1728_v1/f_auto,b_rgb:f5f5f5/ygehlazqqmoof5q0vycv/everyday-cushioned-training-crew-socks-3-pairs-3wbzKz.jpg', '', 'https://c.static-nike.com/a/images/t_PDP_1728_v1/f_auto,b_rgb:f5f5f5,q_80/a3kuouq2pkeb9u7ku1fc/everyday-cushioned-training-crew-socks-3-pairs-3wbzKz.jpg', NULL, 'Power through your workout with the Nike Everyday Cushioned Socks. The thick terry sole gives you extra comfort for footdrills and lifts, while a ribbed arch band wraps your midfoot for a supportive feel.', 14, 50, 'Training Crew Socks (3 Pairs)', 4, 1),
(41, 'Nike Squad', 'https://static.nike.com/a/images/t_PDP_1728_v1/f_auto,b_rgb:f5f5f5/9b0636c3-ca5c-4b95-a09f-5f606f84932a/squad-crew-socks-VCwLjR.jpg', NULL, 'https://static.nike.com/a/images/t_PDP_1728_v1/f_auto,b_rgb:f5f5f5,q_80/c5e229d3-e58b-48a6-b781-5b6df169f5e7/squad-crew-socks-VCwLjR.jpg', NULL, 'The Nike Squad Crew Socks combine sweat-wicking fabric with targeted cushioning for high-performance comfort during competition.', 14, 50, 'Crew Socks', 4, 1),
(42, 'Air Jordan', 'https://static.nike.com/a/images/t_PDP_864_v1/f_auto,b_rgb:f5f5f5/i1-58b09a1a-8bc9-4b38-94a4-0f9de2f2e7d4/air-jordan-hip-pack-small-6N70S1.jpg', 'https://static.nike.com/a/images/t_PDP_864_v1/f_auto,b_rgb:f5f5f5,q_80/i1-ec5315a4-d131-4f13-b7d0-bfd76f368e81/air-jordan-hip-pack-small-6N70S1.jpg', 'https://static.nike.com/a/images/t_PDP_864_v1/f_auto,b_rgb:f5f5f5,q_80/i1-fc53a7e5-42ec-4a0f-b1f9-ed87e91ccc69/air-jordan-hip-pack-small-6N70S1.jpg', 'https://static.nike.com/a/images/t_PDP_864_v1/f_auto,b_rgb:f5f5f5,q_80/i1-167fb69c-2e23-471f-bbcc-b6dc2e9d149f/air-jordan-hip-pack-small-6N70S1.jpg', 'The Air Jordan Pack has enough space for a smartphone and an extra sleeve for the rest of your belongings.', 30, 50, 'Hip Pack (Small)', 4, 1),
(43, 'Nike Dri-FIT', 'https://static.nike.com/a/images/t_PDP_1728_v1/f_auto,b_rgb:f5f5f5/cgkqxnndslfaaqqmyxgl/dri-fit-head-tie-3-r4G6jh.jpg', NULL, 'https://static.nike.com/a/images/t_PDP_1728_v1/f_auto,b_rgb:f5f5f5,q_80/fijqvp60wgkf7qcz9vlb/dri-fit-head-tie-3-r4G6jh.jpg', NULL, 'The sweat-wicking technology in the Nike Dri-FIT Head Tie 3.0 will help you stay dry, comfortable and focused, so you can give your all at practice or in the game.', 12, 50, 'Head Tie 3.0', 4, 1),
(44, 'Nike Elite', 'https://static.nike.com/a/images/t_PDP_864_v1/f_auto,b_rgb:f5f5f5/i1-1e5ced8c-3a0a-4c7d-8e47-cd8be158243e/elite-basketball-duffel-d3dPzT.jpg', 'https://static.nike.com/a/images/t_PDP_864_v1/f_auto,b_rgb:f5f5f5,q_80/i1-48833b44-1cec-4f3d-8bd9-7e9fc577ab85/elite-basketball-duffel-d3dPzT.jpg', 'https://static.nike.com/a/images/t_PDP_864_v1/f_auto,b_rgb:f5f5f5,q_80/i1-d6ea16a8-626a-4775-929d-21f2555fe7a0/elite-basketball-duffel-d3dPzT.jpg', 'https://static.nike.com/a/images/t_PDP_864_v1/f_auto,b_rgb:f5f5f5,q_80/i1-5f3731f4-0877-4735-a58f-7c9941b5d7e3/elite-basketball-duffel-d3dPzT.jpg', 'Carry all your athletic gear in one spacious, easy-access bag with the Nike Elite Duffel. This dual-carry bag has a large main compartment—big enough for a full-size basketball—plus a ventilated shoe area and an extra internal pocket.', 60, 50, 'Basketball Duffel', 4, 1),
(45, 'Nike 64oz Fuel', 'https://static.nike.com/a/images/t_PDP_1728_v1/f_auto,b_rgb:f5f5f5/fff62d89-fd15-4084-87a4-0e0e2f560314/64oz-fuel-jug-lcvvzT.jpg', NULL, 'https://static.nike.com/a/images/t_PDP_1728_v1/f_auto,b_rgb:f5f5f5,q_80/b9eb8d76-e19a-4233-8356-24c482c25056/64oz-fuel-jug-lcvvzT.jpg', NULL, 'It\'s easy to top up with the Nike 64oz Fuel Jug. Whether you\'re training hard, working hard or just getting through the day, this high-volume container will help you stay hydrated so you can bring your A-game.', 25, 50, 'Jug', 4, 1),
(46, 'Nike ACG 365', 'https://static.nike.com/a/images/t_PDP_1728_v1/f_auto,b_rgb:f5f5f5/ce22a4b0-121a-4168-86e7-9e2e67f42f8c/acg-365-crew-socks-2-pair-5lRvz6.jpg', NULL, 'https://static.nike.com/a/images/t_PDP_1728_v1/f_auto,b_rgb:f5f5f5,q_80/30d27216-6974-4177-86a0-94aca2f394ac/acg-365-crew-socks-2-pair-5lRvz6.jpg', NULL, 'Gear up for your outdoor adventure with the plush cushioning of the Nike ACG 365 Crew Socks.', 36, 50, 'Crew Socks (2 Pair)', 4, 1),
(47, 'Nike Brasilia', 'https://static.nike.com/a/images/t_PDP_864_v1/f_auto,b_rgb:f5f5f5/987126c2-19fa-4a84-a379-231b5195e5ee/brasilia-training-duffel-bag-medium-Sv6Tzt.jpg', 'https://static.nike.com/a/images/t_PDP_864_v1/f_auto,b_rgb:f5f5f5,q_80/05db69af-12cb-4616-9c31-fdf4745b73da/brasilia-training-duffel-bag-medium-Sv6Tzt.jpg', 'https://static.nike.com/a/images/t_PDP_864_v1/f_auto,b_rgb:f5f5f5,q_80/2f523664-9a61-4eba-b6c3-158e4bffa828/brasilia-training-duffel-bag-medium-Sv6Tzt.jpg', 'https://static.nike.com/a/images/t_PDP_864_v1/f_auto,b_rgb:f5f5f5,q_80/72feb98d-f0da-4b04-b50e-20c8af26a2cb/brasilia-training-duffel-bag-medium-Sv6Tzt.jpg', 'The Nike Brasilia Duffel Bag has a zippered main compartment and a separate area to keep your shoes separate. Additional zippered pockets keep you organized. and specialized pockets to keep your gear secure and organized. Handles and an adjustable shoulde', 40, 50, 'Training Duffel Bag (Medium)', 4, 1),
(48, 'Nike x Stüssy', 'https://static.nike.com/a/images/t_PDP_1728_v1/f_auto,b_rgb:f5f5f5/da7f7802-a6d4-4f7d-a0c5-777ff96ba623/st%C3%BCssy-bucket-hat-4zW8B9.jpg', '', 'https://static.nike.com/a/images/t_PDP_1728_v1/f_auto,b_rgb:f5f5f5,q_80/0b7ef181-2380-48a2-bd75-bc85a560c256/st%C3%BCssy-bucket-hat-4zW8B9.jpg', NULL, 'The Nike x Stüssy Bucket Hat continues the collaboration between 2 iconic brands. A soft and comfortable design provides coverage from the sun for good vibes all day long.', 40, 50, 'Bucket Hat', 4, 1),
(50, 'Nike Elite \'Black History Month\'', 'https://static.nike.com/a/images/t_PDP_1728_v1/f_auto,b_rgb:f5f5f5/64db7aa6-70ad-47a5-95f8-f7f103630dfe/elite-black-history-month-basketball-crew-socks-0Qk2Qg.jpg', NULL, 'https://static.nike.com/a/images/t_PDP_1728_v1/f_auto,b_rgb:f5f5f5,q_80/caaa8373-d43c-4f7b-8576-70ae3202009f/elite-black-history-month-basketball-crew-socks-0Qk2Qg.jpg', NULL, 'Play on equal footing in these Nike Elite Basketball Crew Socks. Inspired by Black History Month, they\'re made from premium yarns with sweat-wicking technology, with an arch band for support and cushioning where you need it.', 10.97, 50, 'Basketball Crew Socks', 4, 1),
(51, 'NikeCourt Multiplier Max', 'https://static.nike.com/a/images/t_PDP_1728_v1/f_auto,b_rgb:f5f5f5/8a4e0199-0071-4c2e-a5c2-bc8c25746e5c/nikecourt-multiplier-max-tennis-no-show-socks-2-pairs-2zh8PS.jpg', NULL, 'https://static.nike.com/a/images/t_PDP_1728_v1/f_auto,b_rgb:f5f5f5,q_80/a2099042-9f62-4b02-ad58-a59d27d2341d/nikecourt-multiplier-max-tennis-no-show-socks-2-pairs-2zh8PS.jpg', NULL, 'The NikeCourt Multiplier Max Socks help you stay comfortable on and off the court, thanks to soft fabric that wicks sweat from your skin.', 18, 50, 'Tennis No-Show Socks (2 Pairs)', 4, 1),
(52, 'Nike Waffle Racer 2X', 'https://static.nike.com/a/images/t_PDP_864_v1/f_auto,b_rgb:f5f5f5/d736365d-b60d-4e58-862f-2832c3c55537/waffle-racer-2x-womens-shoe-3LSStk.jpg', 'https://static.nike.com/a/images/t_PDP_864_v1/f_auto,b_rgb:f5f5f5,q_80/7612cbef-ce2c-4505-8352-182091a62850/waffle-racer-2x-womens-shoe-3LSStk.jpg', 'https://static.nike.com/a/images/t_PDP_864_v1/f_auto,b_rgb:f5f5f5,q_80/e2c2120d-68d9-4d1b-8e8d-d608b883c170/waffle-racer-2x-womens-shoe-3LSStk.jpg', 'https://static.nike.com/a/images/t_PDP_864_v1/f_auto,b_rgb:f5f5f5,q_80/3e9f827e-2581-4ffc-9467-3a3530b3ebde/waffle-racer-2x-womens-shoe-3LSStk.jpg', 'The Nike Waffle Racer 2X magnifies elements from the iconic \'70s running shoe, resulting in a powered up, street-worthy rendition. The layered upper is lightweight, versatile and naturally contours to the shape of your foot. ', 100, 50, 'Women\'s Shoe', 1, 2),
(53, 'Nike Zoom Double Stacked', 'https://static.nike.com/a/images/t_PDP_864_v1/f_auto,b_rgb:f5f5f5/1e59a9c5-2434-4842-bff4-11e2f4117833/zoom-double-stacked-womens-shoe-zPhZQr.jpg', 'https://static.nike.com/a/images/t_PDP_864_v1/f_auto,b_rgb:f5f5f5,q_80/4348c126-8f1b-4439-9c3b-925941244385/zoom-double-stacked-womens-shoe-zPhZQr.jpg', 'https://static.nike.com/a/images/t_PDP_864_v1/f_auto,b_rgb:f5f5f5,q_80/14908100-760f-4461-831b-d35eb5f6102e/zoom-double-stacked-womens-shoe-zPhZQr.jpg', 'https://static.nike.com/a/images/t_PDP_864_v1/f_auto,b_rgb:f5f5f5,q_80/d05121f1-4e7e-4194-914a-6a73108bbbf7/zoom-double-stacked-womens-shoe-zPhZQr.jpg', 'Fight the power with the stacked Air cushioning, big lift and hand-crafted look of the Nike Zoom Double Stacked. The unfinished TPU Swoosh, breathable mesh on the upper and translucent rubber sole emphasize your fierce, mold-breaking style.', 230, 50, 'Women\'s Shoe', 1, 2),
(54, 'Nike Pegasus Trail 2', 'https://static.nike.com/a/images/t_PDP_864_v1/f_auto,b_rgb:f5f5f5/fa343e41-8a5e-4242-97d6-ba1460447f9d/pegasus-trail-2-womens-trail-running-shoe-JNVF2M.jpg', 'https://static.nike.com/a/images/t_PDP_864_v1/f_auto,b_rgb:f5f5f5,q_80/e2a138a0-6184-410f-b252-f74f328e6f63/pegasus-trail-2-womens-trail-running-shoe-JNVF2M.jpg', 'https://static.nike.com/a/images/t_PDP_864_v1/f_auto,b_rgb:f5f5f5,q_80/22848813-c773-4b86-972e-932c29c8bb11/pegasus-trail-2-womens-trail-running-shoe-JNVF2M.jpg', 'https://static.nike.com/a/images/t_PDP_864_v1/f_auto,b_rgb:f5f5f5,q_80/10b05a97-e76c-4a8a-b1ff-10c39b5ca978/pegasus-trail-2-womens-trail-running-shoe-JNVF2M.jpg', 'Find your wings on the path less traveled. The Nike Pegasus Trail 2 delivers durability and responsiveness to runners, trail athletes and outdoor enthusiasts. Versatile enough for your everyday miles, it features an ideal fit with plush cushioning and tou', 130, 50, 'Women\'s Trail Running', 1, 2),
(55, 'Nike Metcon 5 Premium', 'https://static.nike.com/a/images/t_PDP_864_v1/f_auto,b_rgb:f5f5f5/i1-ecde6526-5fbb-4015-bca4-6a23fbfd8db7/metcon-5-premium-womens-training-shoe-0nRwgF.jpg', 'https://static.nike.com/a/images/t_PDP_864_v1/f_auto,b_rgb:f5f5f5,q_80/i1-375123ba-cff2-4f95-a07e-e1f7749e065e/metcon-5-premium-womens-training-shoe-0nRwgF.jpg', 'https://static.nike.com/a/images/t_PDP_864_v1/f_auto,b_rgb:f5f5f5,q_80/i1-bb99de66-b363-47b1-abe6-12c7442ad581/metcon-5-premium-womens-training-shoe-0nRwgF.jpg', 'https://static.nike.com/a/images/t_PDP_864_v1/f_auto,b_rgb:f5f5f5,q_80/i1-bb29e86a-c346-48fd-9852-4e381ae5e7f6/metcon-5-premium-womens-training-shoe-0nRwgF.jpg', 'The Nike Metcon 5 Premium arms you with stability for heavy lifting and traction for sprints during high-impact training. It combines breathability and durability to be your secret weapon in the gym.', 130, 50, 'Women\'s Training Shoe', 1, 2),
(56, 'Nike ZoomX Vaporfly NEXT%', 'https://static.nike.com/a/images/t_PDP_864_v1/f_auto,b_rgb:f5f5f5/de75d752-80ed-474d-8237-ba0d87a41e25/zoomx-vaporfly-next-running-shoe-Sf9zRb.jpg', 'https://static.nike.com/a/images/t_PDP_864_v1/f_auto,b_rgb:f5f5f5,q_80/ec1aefb1-c274-4c5b-ac14-e357ab17cba2/zoomx-vaporfly-next-running-shoe-Sf9zRb.jpg', 'https://static.nike.com/a/images/t_PDP_864_v1/f_auto,b_rgb:f5f5f5,q_80/9ceb7648-a025-4aca-853f-9f83cba20507/zoomx-vaporfly-next-running-shoe-Sf9zRb.jpg', 'https://static.nike.com/a/images/t_PDP_864_v1/f_auto,b_rgb:f5f5f5,q_80/968c6ab4-365b-419b-847d-9c7534560f84/zoomx-vaporfly-next-running-shoe-Sf9zRb.jpg', 'The Nike ZoomX Vaporfly NEXT% clears your path to record-breaking speed with a lighter design and faster feel than before. With more cushioning underfoot and reduced weight up top, the result is unprecedented energy return and comfort.', 180, 50, 'Running Shoe', 1, 2),
(57, 'Nike Zoom Pegasus Turbo 2', 'https://static.nike.com/a/images/t_PDP_864_v1/f_auto,b_rgb:f5f5f5/i1-1744f98f-e160-4e46-a574-512f4a46bcd6/zoom-pegasus-turbo-2-womens-running-shoe-lBb48K.jpg', 'https://static.nike.com/a/images/t_PDP_864_v1/f_auto,b_rgb:f5f5f5,q_80/i1-7c7774b2-47eb-4d7d-bf92-406d046f3e00/zoom-pegasus-turbo-2-womens-running-shoe-lBb48K.jpg', 'https://static.nike.com/a/images/t_PDP_864_v1/f_auto,b_rgb:f5f5f5,q_80/i1-9c076ea8-adad-4b13-860c-4b12b4b5eeef/zoom-pegasus-turbo-2-womens-running-shoe-lBb48K.jpg', 'https://static.nike.com/a/images/t_PDP_864_v1/f_auto,b_rgb:f5f5f5,q_80/i1-7aca6211-d4f8-49af-b4e4-ff6d9102165b/zoom-pegasus-turbo-2-womens-running-shoe-lBb48K.jpg', 'The Nike Zoom Pegasus Turbo 2 is updated with a featherlight upper, while innovative foam brings revolutionary responsiveness to your long distance training.', 180, 50, 'Women\'s Running Shoe', 1, 2),
(58, 'Zoom Freak 1', 'https://static.nike.com/a/images/t_PDP_864_v1/f_auto,b_rgb:f5f5f5/l9x08gl1u4lxrrdb72n1/zoom-freak-1-basketball-shoe-tmk8Hw.jpg', 'https://static.nike.com/a/images/t_PDP_864_v1/f_auto,b_rgb:f5f5f5,q_80/tgndpu1etvgnenejlk0u/zoom-freak-1-basketball-shoe-tmk8Hw.jpg', 'https://static.nike.com/a/images/t_PDP_864_v1/f_auto,b_rgb:f5f5f5,q_80/cgocvmibcpvscxu3sdzu/zoom-freak-1-basketball-shoe-tmk8Hw.jpg', 'https://static.nike.com/a/images/t_PDP_864_v1/f_auto,b_rgb:f5f5f5,q_80/lfosunubdbbzywyafjzd/zoom-freak-1-basketball-shoe-tmk8Hw.jpg', 'Get your freak on in Giannis Antetokounmpo\'s debut signature shoe, Nike\'s first ever for the international basketball sensation. The Zoom Freak 1 has the extra-responsive cushioning, forefoot stability and multidirectional traction needed to complement hi', 95.97, 50, 'Basketball Shoe', 1, 2),
(59, 'Nike Drop-Type', 'https://static.nike.com/a/images/t_PDP_864_v1/f_auto,b_rgb:f5f5f5/uibio75hnhembngtjjnq/drop-type-shoe-NfRB9P.jpg', 'https://static.nike.com/a/images/t_PDP_864_v1/f_auto,b_rgb:f5f5f5,q_80/cgcngi6jdkmdmmmw9qbn/drop-type-shoe-NfRB9P.jpg', 'https://static.nike.com/a/images/t_PDP_864_v1/f_auto,b_rgb:f5f5f5,q_80/nicbuyblpfgaswbotl6o/drop-type-shoe-NfRB9P.jpg', 'https://static.nike.com/a/images/t_PDP_864_v1/f_auto,b_rgb:f5f5f5,q_80/usvso3fzjomln8tpadsr/drop-type-shoe-NfRB9P.jpg', 'With DIY attitude and classic tennis shoe appeal, the Nike Drop-Type puts a raw, experimental edge on an iconic look. Featuring distinct lines that borrow from the NikeCourt series, an exposed foam tongue and N354 branding, it lets your shoes do the talki', 59.97, 50, 'Shoe', 1, 1),
(60, 'Nike Renew Elevate\r\n', 'https://static.nike.com/a/images/t_PDP_864_v1/f_auto,b_rgb:f5f5f5/d58a0e15-05ad-4446-bcae-3768938ef3a4/renew-elevate-basketball-shoe-9Ht3N6.jpg', 'https://static.nike.com/a/images/t_PDP_864_v1/f_auto,b_rgb:f5f5f5,q_80/6dea379a-d7ca-4ed5-8c2d-360d59d26298/renew-elevate-basketball-shoe-9Ht3N6.jpg', 'https://static.nike.com/a/images/t_PDP_864_v1/f_auto,b_rgb:f5f5f5,q_80/3aac5415-ae36-41c2-9034-582ff4f52034/renew-elevate-basketball-shoe-9Ht3N6.jpg', 'https://static.nike.com/a/images/t_PDP_864_v1/f_auto,b_rgb:f5f5f5,q_80/c28e1ab0-5b98-457d-90f7-5b1b427de237/renew-elevate-basketball-shoe-9Ht3N6.jpg', 'Want in the game? Get off to a great start in the Nike Renew Elevate. Its plush, lightweight upper gives you a snug, secure fit up through the ankle, while its fast, fluid lines signify speed. The midsole features 2 types of foam cushioning to balance sta', 80, 50, 'Basketball Shoe', 1, 2),
(61, 'Nike Zoom HyperAce 2', 'https://c.static-nike.com/a/images/t_PDP_864_v1/f_auto,b_rgb:f5f5f5/hav6jwrz3caelnjknzxx/zoom-hyperace-2-womens-volleyball-shoe-KlrjdK.jpg', 'https://c.static-nike.com/a/images/t_PDP_864_v1/f_auto,b_rgb:f5f5f5,q_80/kaw1m2rl9e9csdp31cfz/zoom-hyperace-2-womens-volleyball-shoe-KlrjdK.jpg', 'https://c.static-nike.com/a/images/t_PDP_864_v1/f_auto,b_rgb:f5f5f5,q_80/wda7oaqsbjcf50rmk028/zoom-hyperace-2-womens-volleyball-shoe-KlrjdK.jpg', 'https://c.static-nike.com/a/images/t_PDP_864_v1/f_auto,b_rgb:f5f5f5,q_80/acjema7smpizen6w9ww0/zoom-hyperace-2-womens-volleyball-shoe-KlrjdK.jpg', 'Designed for action on hard courts, the Nike Zoom HyperAce 2 Women\'s Volleyball Shoe helps keep you light and fast on your feet with a breathable upper and responsive cushioning.  ', 115, 50, 'Women\'s Volleyball Shoe', 1, 2),
(62, 'Nike Zoom Phantom Venom Pro IC', 'https://static.nike.com/a/images/t_PDP_864_v1/f_auto,b_rgb:f5f5f5/vuwlhrbede6vz4thjtoa/zoom-phantom-venom-pro-ic-indoor-court-soccer-shoe-F2llhK.jpg', 'https://static.nike.com/a/images/t_PDP_864_v1/f_auto,b_rgb:f5f5f5,q_80/rlluribr9vhwanac7vwz/zoom-phantom-venom-pro-ic-indoor-court-soccer-shoe-F2llhK.jpg', 'https://static.nike.com/a/images/t_PDP_864_v1/f_auto,b_rgb:f5f5f5,q_80/jtellwsj3wuiygtr5lck/zoom-phantom-venom-pro-ic-indoor-court-soccer-shoe-F2llhK.jpg', 'https://static.nike.com/a/images/t_PDP_864_v1/f_auto,b_rgb:f5f5f5,q_80/duq8stywjo83dvmomc99/zoom-phantom-venom-pro-ic-indoor-court-soccer-shoe-F2llhK.jpg', 'The Nike Zoom Phantom Venom Pro IC is engineered for powerful strikes that win games. The Hyperscreen overlay is textured for precise touch and perforated for breathability. A Zoom Air unit in the heel provides responsive cushioning on indoor and court su', 60.97, 50, 'Indoor/Court Soccer Shoe', 1, 2);
INSERT INTO `products` (`id`, `title`, `image`, `image_1`, `image_2`, `image_3`, `description`, `price`, `quantity`, `another_CatName`, `category_id`, `classify_id`) VALUES
(63, 'Kyrie Low 2', 'https://static.nike.com/a/images/t_PDP_864_v1/f_auto,b_rgb:f5f5f5/tssnlmsux9u7nnywninq/kyrie-low-2-basketball-shoe-714RZN.jpg', 'https://static.nike.com/a/images/t_PDP_864_v1/f_auto,b_rgb:f5f5f5,q_80/cabhdy6p91gmm9fthvky/kyrie-low-2-basketball-shoe-714RZN.jpg', 'https://static.nike.com/a/images/t_PDP_864_v1/f_auto,b_rgb:f5f5f5,q_80/euchvze1gwtss5kxhflb/kyrie-low-2-basketball-shoe-714RZN.jpg', 'https://static.nike.com/a/images/t_PDP_864_v1/f_auto,b_rgb:f5f5f5,q_80/sqdtxnxhkivr8mqazleg/kyrie-low-2-basketball-shoe-714RZN.jpg', 'Kyrie\'s ability to make quick, sharp cuts while handling the ball gives his game an unrivaled edge. Loaded with responsive cushioning, the Kyrie Low 2 features a curved outsole and traction that wraps up the sides, ideal for quick players who continually ', 65.97, 50, 'Basketball Shoe', 1, 2),
(64, 'Nike Sportswear Swoosh', 'https://static.nike.com/a/images/t_PDP_864_v1/f_auto,b_rgb:f5f5f5/3fb5ecb3-3477-45f0-9f0c-792d0652717f/sportswear-swoosh-womens-t-shirt-RT72jt.jpg', 'https://static.nike.com/a/images/t_PDP_864_v1/f_auto,b_rgb:f5f5f5,q_80/bb76360c-37a5-4450-8c60-642db5655c75/sportswear-swoosh-womens-t-shirt-RT72jt.jpg', 'https://static.nike.com/a/images/t_PDP_864_v1/f_auto,b_rgb:f5f5f5,q_80/b3c7682e-2d3f-4945-b72d-f6c9b5dda1ad/sportswear-swoosh-womens-t-shirt-RT72jt.jpg', 'https://static.nike.com/a/images/t_PDP_864_v1/f_auto,b_rgb:f5f5f5,q_80/26256fd2-36a6-44cf-9356-ad0cd0408f5a/sportswear-swoosh-womens-t-shirt-RT72jt.jpg', 'Show your love for the Swoosh in the Nike Sportswear T-Shirt. Its pique fabric construction and oversized fit provide a roomey, comfortable feel.', 45, 50, 'Women\'s T-Shirt', 2, 2),
(65, 'Nike Sportswear', 'https://static.nike.com/a/images/t_PDP_864_v1/f_auto,b_rgb:f5f5f5/58fa966a-290c-4db1-8b01-86d4b08c6763/sportswear-womens-short-sleeve-top-Qmff5p.jpg', 'https://static.nike.com/a/images/t_PDP_864_v1/f_auto,b_rgb:f5f5f5,q_80/76b0144f-0856-4725-9ab7-984fe3f630f6/sportswear-womens-short-sleeve-top-Qmff5p.jpg', 'https://static.nike.com/a/images/t_PDP_864_v1/f_auto,b_rgb:f5f5f5,q_80/c71c38e1-a4f6-4b6e-9890-6ea298ca461a/sportswear-womens-short-sleeve-top-Qmff5p.jpg', 'https://static.nike.com/a/images/t_PDP_864_v1/f_auto,b_rgb:f5f5f5,q_80/b9e3f6ff-da81-4072-80d1-e18de1dadcf8/sportswear-womens-short-sleeve-top-Qmff5p.jpg', 'The Nike Sportswear Top is set to become a future classic design thanks to its soft cotton jersey fabric, a slightly cropped design and a contrast graphic at the chest.', 45, 50, 'Women\'s Short-Sleeve Top', 2, 2),
(66, 'Nike Sportswear Essential', 'https://static.nike.com/a/images/t_PDP_1728_v1/f_auto,b_rgb:f5f5f5/d201e595-6e41-4c6c-9ca6-5cb78882a133/sportswear-essential-womens-cropped-t-shirt-891LTF.jpg', 'https://static.nike.com/a/images/t_PDP_1728_v1/f_auto,b_rgb:f5f5f5,q_80/4d226fd3-74d2-4865-a235-595cee1fb7bd/sportswear-essential-womens-cropped-t-shirt-891LTF.jpg', 'https://static.nike.com/a/images/t_PDP_1728_v1/f_auto,b_rgb:f5f5f5,q_80/7030fa57-ade2-4e4b-8674-d0a696da34fc/sportswear-essential-womens-cropped-t-shirt-891LTF.jpg', NULL, 'The Nike Sportswear Essential T-Shirt sets you up with soft cotton jersey and a cropped hem.', 30, 50, 'Women\'s Cropped T-Shirt', 2, 2),
(67, 'Nike Pro Dri-FIT', 'https://static.nike.com/a/images/t_PDP_864_v1/f_auto,b_rgb:f5f5f5/i1-34febbcf-bd71-4e9e-b3ba-f85752de11d2/pro-dri-fit-womens-graphic-tank-h2j6WJ.jpg', 'https://static.nike.com/a/images/t_PDP_864_v1/f_auto,b_rgb:f5f5f5,q_80/i1-17e9f5fd-34f2-43f8-8e9e-8df628fcf1f1/pro-dri-fit-womens-graphic-tank-h2j6WJ.jpg', 'https://static.nike.com/a/images/t_PDP_864_v1/f_auto,b_rgb:f5f5f5,q_80/i1-5191a816-9b19-4707-a7b5-643c00b8e717/pro-dri-fit-womens-graphic-tank-h2j6WJ.jpg', 'https://static.nike.com/a/images/t_PDP_864_v1/f_auto,b_rgb:f5f5f5,q_80/i1-a1b51050-ef56-4f04-97b4-8649b9f6e6cf/pro-dri-fit-womens-graphic-tank-h2j6WJ.jpg', 'The Nike Pro Dri-FIT Tank has a modified racerback with an elastic strap to help keep you cool and moving freely from your first set to your last.', 40, 50, 'Women\'s Graphic Tank', 2, 2),
(69, 'Nike Sportswear Tech Fleece Windrunner', 'https://static.nike.com/a/images/t_PDP_864_v1/f_auto,b_rgb:f5f5f5/653202c2-1736-4d96-a6cd-6d9cb4dc5cb8/sportswear-tech-fleece-windrunner-womens-full-zip-hoodie-7kK8vl.jpg', 'https://static.nike.com/a/images/t_PDP_864_v1/f_auto,b_rgb:f5f5f5,q_80/679a48a1-93bf-4542-a9a1-250a9a4bffee/sportswear-tech-fleece-windrunner-womens-full-zip-hoodie-7kK8vl.jpg', 'https://static.nike.com/a/images/t_PDP_864_v1/f_auto,b_rgb:f5f5f5,q_80/e8a2abb2-9c70-4bfc-ad5d-2e72cb56bc15/sportswear-tech-fleece-windrunner-womens-full-zip-hoodie-7kK8vl.jpg', 'https://static.nike.com/a/images/t_PDP_864_v1/f_auto,b_rgb:f5f5f5,q_80/8cdaa9cf-8a81-4cf2-b3ca-81c4ccb3825c/sportswear-tech-fleece-windrunner-womens-full-zip-hoodie-7kK8vl.jpg', 'The Nike Sportswear Tech Fleece Hoodie is made with double-sided spacer fabric to harness your body heat to create added warmth without extra bulk or weight.', 120, 50, 'Women\'s Full-Zip Hoodie', 2, 2),
(70, 'Nike Sportswear', 'https://static.nike.com/a/images/t_PDP_864_v1/f_auto,b_rgb:f5f5f5/6476c974-927f-498b-a537-71fdfded9fd8/sportswear-womens-hoodie-Qk59tK.jpg', 'https://static.nike.com/a/images/t_PDP_864_v1/f_auto,b_rgb:f5f5f5,q_80/fee5f9f2-6c57-4062-ad06-480d643f76bd/sportswear-womens-hoodie-Qk59tK.jpg', 'https://static.nike.com/a/images/t_PDP_864_v1/f_auto,b_rgb:f5f5f5,q_80/1a374f46-f20e-4603-801e-d5507631ed1b/sportswear-womens-hoodie-Qk59tK.jpg', 'https://static.nike.com/a/images/t_PDP_864_v1/f_auto,b_rgb:f5f5f5,q_80/3778ae26-c8a4-4b3d-9428-c864dd1027f5/sportswear-womens-hoodie-Qk59tK.jpg', 'Inspired by the allover floral prints of \'90s sundresses, the Nike Sportswear Hoodie adds a fresh-cut look with plenty of room to keep you moving and feeling free throughout the week.', 65, 50, 'Women\'s Hoodie', 2, 2),
(71, 'Nike F.C.', 'https://static.nike.com/a/images/t_PDP_864_v1/f_auto,b_rgb:f5f5f5/3623ecb4-67b0-48f9-94df-a663722e1408/fc-womens-long-sleeve-soccer-jersey-sCvNVW.jpg', 'https://static.nike.com/a/images/t_PDP_864_v1/f_auto,b_rgb:f5f5f5,q_80/b9a0043d-7006-4b82-a545-3fc3ac19acd0/fc-womens-long-sleeve-soccer-jersey-sCvNVW.jpg', 'https://static.nike.com/a/images/t_PDP_864_v1/f_auto,b_rgb:f5f5f5,q_80/208e814e-9723-4660-9cb8-6898582a45f6/fc-womens-long-sleeve-soccer-jersey-sCvNVW.jpg', 'https://static.nike.com/a/images/t_PDP_864_v1/f_auto,b_rgb:f5f5f5,q_80/42b25011-81af-4fe9-9ef8-62cdf1c1f989/fc-womens-long-sleeve-soccer-jersey-sCvNVW.jpg', 'The Nike F.C. Jersey celebrates soccer culture and Nike history with a throwback look inspired by the classic Total 90 line from the year 2000. Soft, lightweight fabric is breathable and comfortable.', 57.97, 50, 'Women’s Long-Sleeve Soccer Jersey', 2, 2),
(72, 'Nike Sportswear', 'https://static.nike.com/a/images/t_PDP_864_v1/f_auto,b_rgb:f5f5f5/0f90a0d8-249f-4dcc-b02e-60c4ba80fa6e/sportswear-womens-french-terry-pullover-hoodie-hw35d2.jpg', 'https://static.nike.com/a/images/t_PDP_864_v1/f_auto,b_rgb:f5f5f5,q_80/07abd249-9601-4f0d-a149-6e2272f9aabd/sportswear-womens-french-terry-pullover-hoodie-hw35d2.jpg', 'https://static.nike.com/a/images/t_PDP_864_v1/f_auto,b_rgb:f5f5f5,q_80/be2cb60b-2b42-4b3e-b9d9-7431c35c862a/sportswear-womens-french-terry-pullover-hoodie-hw35d2.jpg', 'https://static.nike.com/a/images/t_PDP_864_v1/f_auto,b_rgb:f5f5f5,q_80/c75f0056-dba4-49fd-b06d-c8a3be3aa078/sportswear-womens-french-terry-pullover-hoodie-hw35d2.jpg', 'Remixing a closet staple, the Nike Sportswear Pullover Hoodie is made with a French terry fabric and a color-block design on select versions for a look that stands out and a fit that won\'t wear out.', 70, 50, 'Women\'s French Terry Pullover Hoodie', 2, 2),
(73, 'Nike Air Max 270 React', 'https://static.nike.com/a/images/t_PDP_864_v1/f_auto,b_rgb:f5f5f5/8d3bdd3b-569e-4b6f-83cb-1abf46bc3581/air-max-270-react-big-kids-shoe-75vzh1.jpg', 'https://static.nike.com/a/images/t_PDP_864_v1/f_auto,b_rgb:f5f5f5,q_80/f2ae5f4e-5bfa-4ae0-95ec-0b20db7f0d6d/air-max-270-react-big-kids-shoe-75vzh1.jpg', 'https://static.nike.com/a/images/t_PDP_864_v1/f_auto,b_rgb:f5f5f5,q_80/ffdb65c3-8501-4cbe-90c0-c49da2d6c689/air-max-270-react-big-kids-shoe-75vzh1.jpg', 'https://static.nike.com/a/images/t_PDP_864_v1/f_auto,b_rgb:f5f5f5,q_80/dacebfed-b971-40e7-937d-ce0a18f74929/air-max-270-react-big-kids-shoe-75vzh1.jpg', 'The Nike Air Max 270 React celebrates global love with world logos and a “Worldwide” tag on the tongue. These everyday kicks also have crazy cushioning with Max Air and React technology—all while unifying everyone through sport.', 135, 50, 'Big Kids\' Shoe', 1, 3),
(74, 'Nike Air Max 2090', 'https://static.nike.com/a/images/t_PDP_864_v1/f_auto,b_rgb:f5f5f5/ff792f6e-011a-4494-bb82-7124ce427ea8/air-max-2090-big-kids-shoe-5ZxgsL.jpg', 'https://static.nike.com/a/images/t_PDP_864_v1/f_auto,b_rgb:f5f5f5,q_80/4d589df4-ca5f-410d-bfa2-afa0033e5e13/air-max-2090-big-kids-shoe-5ZxgsL.jpg', 'https://static.nike.com/a/images/t_PDP_864_v1/f_auto,b_rgb:f5f5f5,q_80/5b11ee45-7dfd-4b76-b2f8-77fce2f7beaf/air-max-2090-big-kids-shoe-5ZxgsL.jpg', 'https://static.nike.com/a/images/t_PDP_864_v1/f_auto,b_rgb:f5f5f5,q_80/d301cb72-19fe-4a8a-a7b2-734638ac2cd4/air-max-2090-big-kids-shoe-5ZxgsL.jpg', 'The Nike Air Max 2090 celebrates the 30th anniversary of the iconic Air Max 90 release with extreme Air and classic details made right for kiddos.', 125, 50, 'Big Kids\' Shoe', 1, 3),
(75, 'Freak 2', 'https://static.nike.com/a/images/t_PDP_864_v1/f_auto,b_rgb:f5f5f5/3d5cb553-24f8-4720-abad-4463ed4b60cc/freak-2-big-kids-basketball-shoe-0PLLFJ.jpg', 'https://static.nike.com/a/images/t_PDP_864_v1/f_auto,b_rgb:f5f5f5,q_80/6e1a3706-579d-4c99-a193-c6a953bb872a/freak-2-big-kids-basketball-shoe-0PLLFJ.jpg', 'https://static.nike.com/a/images/t_PDP_864_v1/f_auto,b_rgb:f5f5f5,q_80/a266ebe2-c2e6-4b23-8296-6de35cf1a374/freak-2-big-kids-basketball-shoe-0PLLFJ.jpg', 'https://static.nike.com/a/images/t_PDP_864_v1/f_auto,b_rgb:f5f5f5,q_80/41cc9180-cf2a-4407-a0de-2611d6ffba96/freak-2-big-kids-basketball-shoe-0PLLFJ.jpg', 'Step your game up in the Freak 2, the 2nd edition of Giannis Antetokounmpo’s signature shoe. One-of-a-kind details match the MVP’s on-court identity. (Hint: there’s no player like him or this shoe.) These true low-tops are built to help you feel quick and in control to beat any defender, like the Freak himself.', 100, 50, 'Big Kids\' Basketball Shoe', 1, 3),
(76, 'Nike Blazer Mid', 'https://static.nike.com/a/images/t_PDP_864_v1/f_auto,b_rgb:f5f5f5/bdd16190-7b45-4545-b81d-971c69c693d3/blazer-mid-big-kids-shoe-4VfSTd.jpg', 'https://static.nike.com/a/images/t_PDP_864_v1/f_auto,b_rgb:f5f5f5,q_80/1098bedc-14f4-4ddb-b60f-66dae625c7b3/blazer-mid-big-kids-shoe-4VfSTd.jpg', 'https://static.nike.com/a/images/t_PDP_864_v1/f_auto,b_rgb:f5f5f5,q_80/cc244891-ea89-452d-8cef-b240d18b38f7/blazer-mid-big-kids-shoe-4VfSTd.jpg', 'https://static.nike.com/a/images/t_PDP_864_v1/f_auto,b_rgb:f5f5f5,q_80/6ed8019d-7c1c-44bb-a6d1-f859e4f29a97/blazer-mid-big-kids-shoe-4VfSTd.jpg', 'Flexible, durable and iconic style—what more do you need? The Nike Blazer Mid reimagines our ‘70s hoops classic into everyday high-tops for playtime.', 80, 50, 'Big Kids\' Shoe', 1, 3),
(77, 'Nike Air Zoom Speed', 'https://static.nike.com/a/images/t_PDP_864_v1/f_auto,b_rgb:f5f5f5/78f21de6-bdcb-4c96-909c-076cbca1e051/air-zoom-speed-little-big-kids-running-shoe-bW4W4n.jpg', 'https://static.nike.com/a/images/t_PDP_864_v1/f_auto,b_rgb:f5f5f5,q_80/1d931b1a-9765-4ed6-bc9a-080ecdd06784/air-zoom-speed-little-big-kids-running-shoe-bW4W4n.jpg', 'https://static.nike.com/a/images/t_PDP_864_v1/f_auto,b_rgb:f5f5f5,q_80/39cf2206-0b3c-476a-91be-556fa35a5ce6/air-zoom-speed-little-big-kids-running-shoe-bW4W4n.jpg', 'https://static.nike.com/a/images/t_PDP_864_v1/f_auto,b_rgb:f5f5f5,q_80/153996e7-d806-4939-b9a8-e5556b42714b/air-zoom-speed-little-big-kids-running-shoe-bW4W4n.jpg', 'Look fast and feel faster in the Nike Air Zoom Speed. Our iconic Zoom Air pods are made just right for kids. So lightweight all around and cushioned where needed, you’ll be zooming around the neighborhood and track in no time.', 85, 50, 'Little/Big Kids\' Running Shoe', 1, 3),
(78, 'Nike Zoom Flight', 'https://static.nike.com/a/images/t_PDP_864_v1/f_auto,b_rgb:f5f5f5/i1-c04d8649-e177-4936-9c3a-414f2f1b2558/zoom-flight-big-kids-basketball-shoe-Wb5VF0.jpg', 'https://static.nike.com/a/images/t_PDP_864_v1/f_auto,b_rgb:f5f5f5,q_80/i1-37dab075-bbf4-4c93-898c-152f5144fa38/zoom-flight-big-kids-basketball-shoe-Wb5VF0.jpg', 'https://static.nike.com/a/images/t_PDP_864_v1/f_auto,b_rgb:f5f5f5,q_80/i1-30c7aabb-afc6-4394-bb87-6b9978be24cb/zoom-flight-big-kids-basketball-shoe-Wb5VF0.jpg', 'https://static.nike.com/a/images/t_PDP_864_v1/f_auto,b_rgb:f5f5f5,q_80/i1-44d78223-1797-490c-b9e6-8b0d6eaa3626/zoom-flight-big-kids-basketball-shoe-Wb5VF0.jpg', 'Ball up with the Nike Zoom Flight. Feel the bounce in every step with classic Zoom Air made with kids in mind. A breathable design comes with 2 easy-to-fasten straps so you can take off down the court with confidence. Who’s got next?', 90, 50, 'Big Kids\' Basketball Shoe', 1, 3),
(79, 'Nike Blazer Low', 'https://static.nike.com/a/images/t_PDP_864_v1/f_auto,b_rgb:f5f5f5/i1-91bfcffa-564a-4988-925a-063f13d94ec6/blazer-low-big-kids-shoe-gjWLDZ.jpg', 'https://static.nike.com/a/images/t_PDP_864_v1/f_auto,b_rgb:f5f5f5,q_80/i1-6a6d65cf-de9f-4859-bfda-3b8435d264f0/blazer-low-big-kids-shoe-gjWLDZ.jpg', 'https://static.nike.com/a/images/t_PDP_864_v1/f_auto,b_rgb:f5f5f5,q_80/i1-d29edc23-4fc8-4c0c-b3c5-21740564fc8b/blazer-low-big-kids-shoe-gjWLDZ.jpg', 'https://static.nike.com/a/images/t_PDP_864_v1/f_auto,b_rgb:f5f5f5,q_80/i1-1f2bc815-8a78-476c-95b1-63aa37bea1c9/blazer-low-big-kids-shoe-gjWLDZ.jpg', 'The Nike Blazer Low refines the old-school basketball icon with smooth, genuine leather. Its classic, low-profile design takes cues from \'70s heritage footwear while providing flexibility and traction for everyday wear.', 65, 50, 'Big Kids\' Shoe', 1, 3),
(80, 'Nike Pro', 'https://static.nike.com/a/images/t_PDP_864_v1/f_auto,b_rgb:f5f5f5/a4d5b450-f88b-4b14-b756-ef21b0018d5c/pro-womens-knit-pants-Rl1Kmb.jpg', 'https://static.nike.com/a/images/t_PDP_864_v1/f_auto,b_rgb:f5f5f5,q_80/cf107509-a855-4747-ae66-8c6afe811ace/pro-womens-knit-pants-Rl1Kmb.jpg', 'https://static.nike.com/a/images/t_PDP_864_v1/f_auto,b_rgb:f5f5f5,q_80/f57d099b-e3ab-484a-ac85-41b06a1a5f5d/pro-womens-knit-pants-Rl1Kmb.jpg', 'https://static.nike.com/a/images/t_PDP_864_v1/f_auto,b_rgb:f5f5f5,q_80/29fe8213-d739-4c23-b6ad-9437f4508c82/pro-womens-knit-pants-Rl1Kmb.jpg', 'The Nike Pro Pants have you covered in Dri-FIT technology that wicks sweat to keep you comfortable. Stretchy knit fabric is engineered for breathable, soft performance.', 80, 100, 'Women\'s Knit Pants', 3, 2),
(81, 'Nike Sportswear Icon Clash', 'https://static.nike.com/a/images/t_PDP_864_v1/f_auto,b_rgb:f5f5f5/fddbb390-fad2-48e0-b89e-5d02a23cc62e/sportswear-icon-clash-womens-pants-bTwcq6.jpg', 'https://static.nike.com/a/images/t_PDP_864_v1/f_auto,b_rgb:f5f5f5,q_80/3b1024cb-ed80-4491-8954-bd2fb34aa9d6/sportswear-icon-clash-womens-pants-bTwcq6.jpg', 'https://static.nike.com/a/images/t_PDP_864_v1/f_auto,b_rgb:f5f5f5,q_80/5ef642cb-3845-4a33-8fc5-b220cd6733b7/sportswear-icon-clash-womens-pants-bTwcq6.jpg', 'https://static.nike.com/a/images/t_PDP_864_v1/f_auto,b_rgb:f5f5f5,q_80/a238b073-79f2-4144-907b-ab3efb60930d/sportswear-icon-clash-womens-pants-bTwcq6.jpg', 'The Nike Sportswear Pants elevate a style staple with metallic and iridescent details printed on brushed French terry. An elastic drawstring waist helps you stay relaxed and customize the fit for a comfortable feel.', 70, 100, 'Women\'s Pants', 3, 2),
(82, 'Nike Sportswear Tech Fleece\r\n', 'https://static.nike.com/a/images/t_PDP_864_v1/f_auto,b_rgb:f5f5f5/90996123-f41d-453b-8a02-e5a4cc628744/sportswear-tech-fleece-womens-pants-2dFd6t.jpg', 'https://static.nike.com/a/images/t_PDP_864_v1/f_auto,b_rgb:f5f5f5,q_80/14ba117e-8c5c-4f73-b898-c1c92d702e85/sportswear-tech-fleece-womens-pants-2dFd6t.jpg', 'https://static.nike.com/a/images/t_PDP_864_v1/f_auto,b_rgb:f5f5f5,q_80/af9633f8-e17e-48d8-97c9-fbc52ff728a7/sportswear-tech-fleece-womens-pants-2dFd6t.jpg', 'https://static.nike.com/a/images/t_PDP_864_v1/f_auto,b_rgb:f5f5f5,q_80/1b59eea4-ecd1-45ba-aa3f-3e76041c6083/sportswear-tech-fleece-womens-pants-2dFd6t.jpg', 'The Nike Sportswear Tech Fleece Pants add warmth to your look without extra weight or bulk. Signature details provide a premium look ready for everyday wear.', 100, 50, 'Women\'s Pants', 3, 2),
(83, 'Nike Pro', 'https://static.nike.com/a/images/t_PDP_864_v1/f_auto,b_rgb:f5f5f5/348a38ac-77cd-4228-b469-8e671af07b16/pro-womens-7-8-tights-wkSz31.jpg', 'https://static.nike.com/a/images/t_PDP_864_v1/f_auto,b_rgb:f5f5f5,q_80/4d27d79b-3886-4827-a26b-d114c31f3281/pro-womens-7-8-tights-wkSz31.jpg', 'https://static.nike.com/a/images/t_PDP_864_v1/f_auto,b_rgb:f5f5f5,q_80/affcb421-e6a5-439c-a276-d50f5f00d2c4/pro-womens-7-8-tights-wkSz31.jpg', 'https://static.nike.com/a/images/t_PDP_864_v1/f_auto,b_rgb:f5f5f5,q_80/7abd41a7-d69b-40dc-af99-1e2601debfc5/pro-womens-7-8-tights-wkSz31.jpg', 'The Nike Pro Tights are inspired by the electrifying disco era with bright colors and a design that shines. Sweat-wicking technology helps you stay dry and comfortable during your toughest workouts.', 60, 50, 'Women\'s 7/8 Tights', 3, 2),
(84, 'NikeLab', 'https://static.nike.com/a/images/t_PDP_864_v1/f_auto,b_rgb:f5f5f5/ad6405c5-325b-4e49-b96e-2d50e9c36f44/nikelab-womens-washed-pants-wpnqvB.jpg', 'https://static.nike.com/a/images/t_PDP_864_v1/f_auto,b_rgb:f5f5f5,q_80/5fe41564-ba74-485e-a79a-ba572b38c84f/nikelab-womens-washed-pants-wpnqvB.jpg', 'https://static.nike.com/a/images/t_PDP_864_v1/f_auto,b_rgb:f5f5f5,q_80/f5e5a5d6-3c17-4acc-9035-e25eeb711e18/nikelab-womens-washed-pants-wpnqvB.jpg', 'https://static.nike.com/a/images/t_PDP_864_v1/f_auto,b_rgb:f5f5f5,q_80/684db4cf-d5b8-4199-b5da-3b5d86733716/nikelab-womens-washed-pants-wpnqvB.jpg', 'The NikeLab Pants use a washing process to create a lived-in look and feel. They offer premium comfort from the first wear to the last, just like your favorite sweats. Warm fleece fabric helps you stay warm in cooler temperatures.', 75, 50, 'Women\'s Washed Pants', 3, 2),
(85, 'Nike Sportswear', 'https://static.nike.com/a/images/t_PDP_864_v1/f_auto,b_rgb:f5f5f5/fbcc06e9-5a06-4dd4-bbef-872f09c7af77/sportswear-womens-archive-remix-pants-TsKGd3.jpg', 'https://static.nike.com/a/images/t_PDP_864_v1/f_auto,b_rgb:f5f5f5,q_80/1411f987-2e8b-4b01-9d38-99ae2b3dcee9/sportswear-womens-archive-remix-pants-TsKGd3.jpg', 'https://static.nike.com/a/images/t_PDP_864_v1/f_auto,b_rgb:f5f5f5,q_80/430515c3-3660-4172-a2ce-fb49bc790450/sportswear-womens-archive-remix-pants-TsKGd3.jpg', 'https://static.nike.com/a/images/t_PDP_864_v1/f_auto,b_rgb:f5f5f5,q_80/cdda22e7-f541-4a75-b74b-dddda73c8f96/sportswear-womens-archive-remix-pants-TsKGd3.jpg', 'The Nike Sportswear Pants rethink a style staple. Woven overlays add a sport-inspired look ready for everyday wear. The French terry fabric has a smooth, sturdy feel that\'s soft against your skin.', 85, 50, 'Women\'s Archive Remix Pants', 3, 2),
(86, 'Nike Icon Clash Tempo Luxe', 'https://static.nike.com/a/images/t_PDP_864_v1/f_auto,b_rgb:f5f5f5/082ec629-4f65-4ca8-aaba-99d10980041c/icon-clash-tempo-luxe-womens-running-shorts-4DvqXB.jpg', 'https://static.nike.com/a/images/t_PDP_864_v1/f_auto,b_rgb:f5f5f5,q_80/4a4cc633-66e2-4de5-9d85-a1d2b94a388e/icon-clash-tempo-luxe-womens-running-shorts-4DvqXB.jpg', 'https://static.nike.com/a/images/t_PDP_864_v1/f_auto,b_rgb:f5f5f5,q_80/fdf66518-71de-4247-b10b-118ddfc9c9e3/icon-clash-tempo-luxe-womens-running-shorts-4DvqXB.jpg', 'https://static.nike.com/a/images/t_PDP_864_v1/f_auto,b_rgb:f5f5f5,q_80/ea046327-cbb5-42ea-98df-2f71eafd13aa/icon-clash-tempo-luxe-womens-running-shorts-4DvqXB.jpg', 'Light up your route in the Nike Tempo Luxe Shorts. Lightweight and stretchy, these shorts offer a supportive fit and help wick sweat as your miles tick by.', 45, 50, 'Women\'s Running Shorts', 3, 2),
(87, 'Nike x Sacai', 'https://static.nike.com/a/images/t_PDP_864_v1/f_auto,b_rgb:f5f5f5/19fa1ede-aba4-4c4e-8f5b-3027cd5e703f/sacai-hoodie-RmsK83.jpg', 'https://static.nike.com/a/images/t_PDP_864_v1/f_auto,b_rgb:f5f5f5,q_80/86800c70-c5b4-4977-8f48-8b1bbe10ab79/sacai-hoodie-RmsK83.jpg', 'https://static.nike.com/a/images/t_PDP_864_v1/f_auto,b_rgb:f5f5f5,q_80/eb1ffcbd-f8e3-4761-a6ea-3c389b55af1c/sacai-hoodie-RmsK83.jpg', 'https://static.nike.com/a/images/t_PDP_864_v1/f_auto,b_rgb:f5f5f5,q_80/2c24fb97-0423-41b5-89fa-3c4bf26a3f62/sacai-hoodie-RmsK83.jpg', 'Distorting your favorite outerwear. The Nike x Sacai Hoodie combines the classic warmth of a pullover with reworked elements reminiscent of a bomber jacket. It\'s the extension of a partnership that fuses performance apparel and fashion.', 275, 10, 'Hoodie', 2, 2),
(88, 'NikeLab', 'https://static.nike.com/a/images/t_PDP_864_v1/f_auto,b_rgb:f5f5f5/fc521133-9689-455b-9dae-39f8bb2aed19/nikelab-womens-flash-track-pants-Rc5Vvm.jpg', 'https://static.nike.com/a/images/t_PDP_864_v1/f_auto,b_rgb:f5f5f5,q_80/9f1c8195-adfb-416c-91a1-38d58f098981/nikelab-womens-flash-track-pants-Rc5Vvm.jpg', 'https://static.nike.com/a/images/t_PDP_864_v1/f_auto,b_rgb:f5f5f5,q_80/5c7bf111-4a23-4dec-b1c3-93b5ed24fb80/nikelab-womens-flash-track-pants-Rc5Vvm.jpg', 'https://static.nike.com/a/images/t_PDP_864_v1/f_auto,b_rgb:f5f5f5,q_80/fb50c032-ef02-4141-b611-73c79a9b316a/nikelab-womens-flash-track-pants-Rc5Vvm.jpg', 'An indispensable staple gets an upgrade. The NikeLab Track Pants combine the classic look you love with an allover, reflective grid that pops when flashed with light.', 140, 100, 'Women\'s Flash Track Pants', 3, 2),
(89, 'Nike Sportswear', 'https://static.nike.com/a/images/t_PDP_864_v1/f_auto,b_rgb:f5f5f5/36fde43d-7f98-4ad5-9b04-76ffb24c7afe/sportswear-womens-jersey-pants-KX5FjQ.jpg', 'https://static.nike.com/a/images/t_PDP_864_v1/f_auto,b_rgb:f5f5f5,q_80/f5859f82-a79f-4f55-a6f0-c3bc3032682d/sportswear-womens-jersey-pants-KX5FjQ.jpg', 'https://static.nike.com/a/images/t_PDP_864_v1/f_auto,b_rgb:f5f5f5,q_80/42e9834d-8ff9-4f70-8034-927193488ae2/sportswear-womens-jersey-pants-KX5FjQ.jpg', 'https://static.nike.com/a/images/t_PDP_864_v1/f_auto,b_rgb:f5f5f5,q_80/42689d30-915d-4d10-9d56-70bec2436af2/sportswear-womens-jersey-pants-KX5FjQ.jpg', 'Inspired by the friendships and sacrifices made on a sports team, the Nike Sportswear Jersey Pants feature distorted graphics and mesh construction. Inspired by classic basketball shorts, this lightweight design adds a comfortable, sport-inspired look to your wardrobe.', 70, 50, 'Women\'s Jersey Pants', 3, 2),
(90, 'Nike Sportswear Heritage', 'https://static.nike.com/a/images/t_PDP_864_v1/f_auto,b_rgb:f5f5f5/cpsvzs3hk7yznux0bwmu/sportswear-heritage-womens-track-pants-b4TJ9J.jpg', 'https://static.nike.com/a/images/t_PDP_1728_v1/f_auto,b_rgb:f5f5f5/k3eckmvbw5qzz0ii5qe7/sportswear-heritage-womens-track-pants-b4TJ9J.jpg', 'https://static.nike.com/a/images/t_PDP_864_v1/f_auto,b_rgb:f5f5f5,q_80/fwtva92bp9unr3fwd2hw/sportswear-heritage-womens-track-pants-b4TJ9J.jpg', 'https://static.nike.com/a/images/t_PDP_864_v1/f_auto,b_rgb:f5f5f5,q_80/rnzhjdssd9hnt6aqjwdm/sportswear-heritage-womens-track-pants-b4TJ9J.jpg', 'The Nike Sportswear Heritage Women\'s Track Pants rejuvenate an old-school design with modern details. Knit fabric keeps you looking fresh, while chevron design lines throw it back to classic Nike Running style.', 55, 100, 'Women\'s Track Pants', 3, 2),
(91, 'Nike Pro', 'https://static.nike.com/a/images/t_PDP_864_v1/f_auto,b_rgb:f5f5f5/726540c1-67e8-4168-9c27-a28b04e87ede/pro-womens-3-shorts-BVrpK6.jpg', 'https://static.nike.com/a/images/t_PDP_864_v1/f_auto,b_rgb:f5f5f5,q_80/e5eaf415-bfe0-434d-8599-ec59b5b8820d/pro-womens-3-shorts-BVrpK6.jpg', 'https://static.nike.com/a/images/t_PDP_864_v1/f_auto,b_rgb:f5f5f5,q_80/e38c438f-87f1-4e29-8300-c2f4a6fbc378/pro-womens-3-shorts-BVrpK6.jpg', 'https://static.nike.com/a/images/t_PDP_864_v1/f_auto,b_rgb:f5f5f5,q_80/881754fd-80e3-4764-915e-6364d2efa4e2/pro-womens-3-shorts-BVrpK6.jpg', 'Neon disco colors highlight the Nike Pro Shorts to help you find your groove while you work out. Smooth fabric has Dri-FIT technology to keep you dry and comfortable.', 35, 50, 'Women\'s 3\" Shorts', 3, 2),
(92, 'Nike Sportswear Icon Clash', 'https://static.nike.com/a/images/t_PDP_864_v1/f_auto,b_rgb:f5f5f5/85ed3be6-6c7f-4be2-85b7-efc52b5e7440/sportswear-icon-clash-womens-fleece-hoodie-nX5P3t.jpg', 'https://static.nike.com/a/images/t_PDP_864_v1/f_auto,b_rgb:f5f5f5,q_80/76a6cff6-63b5-421b-8749-528459c62bfa/sportswear-icon-clash-womens-fleece-hoodie-nX5P3t.jpg', 'https://static.nike.com/a/images/t_PDP_864_v1/f_auto,b_rgb:f5f5f5,q_80/73e675b2-f3d7-4ec0-92be-1d090b134d20/sportswear-icon-clash-womens-fleece-hoodie-nX5P3t.jpg', 'https://static.nike.com/a/images/t_PDP_864_v1/f_auto,b_rgb:f5f5f5,q_80/36919c9d-e2c5-4151-954d-f9c5a6ae55e5/sportswear-icon-clash-womens-fleece-hoodie-nX5P3t.jpg', 'The Nike Sportswear Icon Clash Fleece Hoodie is an elevated closet staple made with French terry fleece. Metallic details come in the form of a printed graphic, stitching and drawcord tips to help you shine.', 80, 10, 'Women\'s Fleece Hoodie', 2, 2),
(93, 'Nike Sportswear\r\n', 'https://static.nike.com/a/images/t_PDP_1728_v1/f_auto,b_rgb:f5f5f5/51a52bc6-193e-4ff7-9185-c3cf0b728ada/sportswear-everyday-essential-crew-socks-xHQS3S.jpg', 'https://static.nike.com/a/images/t_PDP_1728_v1/f_auto,b_rgb:f5f5f5,q_80/b233dbdc-8682-4bed-9371-8d742861d9ba/sportswear-everyday-essential-crew-socks-xHQS3S.jpg', NULL, NULL, 'The Nike Sportswear Crew Socks amplify the \"Just Do It.\" message for a bold look that\'s ready for everyday wear.', 16, 50, 'Everyday Essential Crew Socks', 4, 2),
(94, 'Los Angeles Lakers Logo\r\n', 'https://static.nike.com/a/images/t_PDP_1728_v1/f_auto,b_rgb:f5f5f5/344f84ce-2593-4ce8-9ab3-fec571cb2988/los-angeles-lakers-logo-womens-dri-fit-nba-t-shirt-2QBdSW.jpg', 'https://static.nike.com/a/images/t_PDP_1728_v1/f_auto,b_rgb:f5f5f5,q_80/94999140-9001-4cfa-834e-de911965f4c2/los-angeles-lakers-logo-womens-dri-fit-nba-t-shirt-2QBdSW.jpg', NULL, NULL, 'Wherever you wear it, the Los Angeles Lakers Logo Nike Dri-FIT NBA T-Shirt puts pride in your team front and center. It\'s made on lightweight, softly knit fabric with sweat-wicking technology to help keep you dry.', 35, 10, 'Women\'s Nike Dri-FIT NBA T-Shirt', 2, 2),
(95, 'Nike Sportswear Essential', 'https://static.nike.com/a/images/t_PDP_1728_v1/f_auto,b_rgb:f5f5f5/315167ff-71e8-4183-879a-33c969f1341c/sportswear-essential-womens-cropped-t-shirt-891LTF.jpg', 'https://static.nike.com/a/images/t_PDP_1728_v1/f_auto,b_rgb:f5f5f5,q_80/455bdbb1-5be9-474f-88e1-62b074f5a46f/sportswear-essential-womens-cropped-t-shirt-891LTF.jpg', 'https://static.nike.com/a/images/t_PDP_1728_v1/f_auto,b_rgb:f5f5f5,q_80/058c4dfc-4e91-4e68-abb1-122a3259912a/sportswear-essential-womens-cropped-t-shirt-891LTF.jpg', NULL, 'The Nike Sportswear Essential T-Shirt sets you up with soft cotton jersey and a cropped hem.', 30, 50, 'Women\'s Cropped T-Shirt', 2, 2),
(96, 'Nike Run Division Flash', 'https://static.nike.com/a/images/t_PDP_864_v1/f_auto,b_rgb:f5f5f5/5566e271-385f-4a4a-a67a-0ad1b826f07f/run-division-flash-womens-running-jacket-gl4QDl.jpg', 'https://static.nike.com/a/images/t_PDP_864_v1/f_auto,b_rgb:f5f5f5,q_80/5918aa96-ac59-4ecb-b465-0d9914c4d358/run-division-flash-womens-running-jacket-gl4QDl.jpg', 'https://static.nike.com/a/images/t_PDP_864_v1/f_auto,b_rgb:f5f5f5,q_80/642fabd5-533d-4522-9d81-32f67775ba0c/run-division-flash-womens-running-jacket-gl4QDl.jpg', 'https://static.nike.com/a/images/t_PDP_864_v1/f_auto,b_rgb:f5f5f5,q_80/ad4c65e2-5f85-4af2-972d-89324f5a3eb5/run-division-flash-womens-running-jacket-gl4QDl.jpg', 'The Nike Run Division Jacket keeps it bright on your route with reflective elements in strategic areas. Premium fabric helps resist rain and water, so you can keep your routine going during the colder months.', 175, 50, 'Women\'s Running Jacket', 2, 2),
(97, 'Paris Saint-Germain Windrunner', 'https://static.nike.com/a/images/t_PDP_1728_v1/f_auto,b_rgb:f5f5f5/08ae5036-2d5e-4d00-93bd-9f3ad60736c9/paris-saint-germain-windrunner-womens-woven-jacket-3WclT7.jpg', 'https://static.nike.com/a/images/t_PDP_1728_v1/f_auto,b_rgb:f5f5f5,q_80/61c74f45-f12c-4930-9888-a31caa6473e4/paris-saint-germain-windrunner-womens-woven-jacket-3WclT7.jpg', NULL, NULL, 'The Paris Saint-Germain Windrunner Jacket combines team pride with the iconic chevron design that has defined Windrunner style for decades. It\'s made of smooth fabric and a mesh lining for comfortable, casual layering.', 105, 50, 'Women\'s Woven Jacket', 2, 2),
(98, 'Nike Everyday Max Cushioned', 'https://static.nike.com/a/images/t_PDP_1728_v1/f_auto,b_rgb:f5f5f5/d8a5f70f-33a0-4f94-814a-350985d67988/everyday-max-cushioned-training-crew-socks-3-pairs-pkNTbz.jpg', 'https://static.nike.com/a/images/t_PDP_1728_v1/f_auto,b_rgb:f5f5f5,q_80/abb76469-5136-4e68-a7a4-060893f70e7b/everyday-max-cushioned-training-crew-socks-3-pairs-pkNTbz.jpg', NULL, NULL, 'The Nike Everyday Max Cushioned Socks combine sweat-wicking technology with targeted cushioning to keep your feet dry and comfortable during your most intense workouts.', 20, 100, 'Training Crew Socks (3 Pairs)', 4, 2),
(99, 'Nike Everyday Plus Lightweight', 'https://static.nike.com/a/images/t_PDP_1728_v1/f_auto,b_rgb:f5f5f5/c8f3f593-7f7a-4520-a43f-c147ae9137ad/everyday-plus-lightweight-womens-training-no-show-socks-3-pairs-c5chqR.jpg', 'https://static.nike.com/a/images/t_PDP_1728_v1/f_auto,b_rgb:f5f5f5,q_80/0f67feb5-08f5-4b29-81e5-583ef1ceb9ec/everyday-plus-lightweight-womens-training-no-show-socks-3-pairs-c5chqR.jpg', NULL, NULL, 'The Nike Everyday Plus Lightweight Socks blend sweat-wicking technology with breathable mesh to keep your foot dry and cool from warmups through cool downs. A ribbed arch band wraps your midfoot for a supportive feel.', 16, 50, 'Women\'s Training No-Show Socks (3 Pairs)', 4, 2),
(100, 'Nike Everyday Plus Lightweight', 'https://static.nike.com/a/images/t_PDP_1728_v1/f_auto,b_rgb:f5f5f5/7f01961c-73f1-45ba-9720-14aad8e2c35b/everyday-plus-lightweight-womens-training-ankle-socks-3-pairs-9ZpxRR.jpg', 'https://static.nike.com/a/images/t_PDP_1728_v1/f_auto,b_rgb:f5f5f5,q_80/ba183a89-2dc7-4f65-ba4f-df10a08d3240/everyday-plus-lightweight-womens-training-ankle-socks-3-pairs-9ZpxRR.jpg', '', NULL, 'The Nike Everyday Plus Lightweight Socks blend sweat-wicking technology with breathable mesh to keep your feet dry and cool from warmups through cool downs. A ribbed arch band wraps your midfoot for a supportive feel.', 16, 50, 'Women\'s Training Ankle Socks (3 Pairs)', 4, 2),
(101, 'Nike Sportswear SNKR Sox', 'https://static.nike.com/a/images/t_PDP_1728_v1/f_auto,b_rgb:f5f5f5/80fe911b-fc47-42f5-b39c-1cf86bdf623e/sportswear-snkr-sox-crew-socks-2-pairs-JFhQ80.jpg', 'https://static.nike.com/a/images/t_PDP_1728_v1/f_auto,b_rgb:f5f5f5,q_80/90ab2487-1781-441e-90fa-9bb6d0ef25fb/sportswear-snkr-sox-crew-socks-2-pairs-JFhQ80.jpg', NULL, NULL, 'The ultimate sneaker socks, inspired by the shoes you\'ve always loved with the all-day comfort you need, the Nike Sportswear SNKR Sox are the perfect \"solemate.\"', 18, 50, 'Crew Socks (2 Pairs)', 4, 2),
(102, 'Nike Air SNKR SOX', 'https://static.nike.com/a/images/t_PDP_1728_v1/f_auto,b_rgb:f5f5f5/8ca1055b-6ffd-4f04-af9d-839091ba9b74/air-snkr-sox-crew-socks-2-pairs-CLHjwv.jpg', 'https://static.nike.com/a/images/t_PDP_1728_v1/f_auto,b_rgb:f5f5f5,q_80/03cd0bf5-e395-4e81-9609-158b1a73401b/air-snkr-sox-crew-socks-2-pairs-CLHjwv.jpg', NULL, NULL, 'Pair up your favorite Nike Air Sneakers with the Nike SNKR SOX Air Crew Socks (2 Pairs). Sport-inspired details and targeted cushioning ensure your feet will feel as good as they look.', 1, 50, 'Crew Socks (2 Pairs)', 4, 2),
(103, 'Jordan College Legacy91 Local (Oklahoma)', 'https://static.nike.com/a/images/t_PDP_1728_v1/f_auto,b_rgb:f5f5f5/8c0585f5-749d-4498-bb25-e524cd46bf82/jordanlegacy91-local-oklahoma-adjustable-hat-kP5t6h.jpg', 'https://static.nike.com/a/images/t_PDP_1728_v1/f_auto,b_rgb:f5f5f5,q_80/1f455d2c-51a9-4fae-a022-bac0d352e334/jordanlegacy91-local-oklahoma-adjustable-hat-kP5t6h.jpg', NULL, NULL, 'The Nike College Legacy91 Local (Oklahoma) Hat lets you rep the Sooners in structured, covered comfort. It\'s made with a mid-weight twill and features an adjustable strap to let you personalize the fit.', 32, 50, 'Adjustable Hat', 4, 2),
(104, 'Nike Air', 'https://static.nike.com/a/images/t_PDP_864_v1/f_auto,b_rgb:f5f5f5/52e923ae-faf3-4a3a-a3a6-53b357f2886a/air-womens-pants-KplLNk.jpg', 'https://static.nike.com/a/images/t_PDP_864_v1/f_auto,b_rgb:f5f5f5,q_80/40e040bb-2477-452d-8ab9-9767bd9dd854/air-womens-pants-KplLNk.jpg', 'https://static.nike.com/a/images/t_PDP_864_v1/f_auto,b_rgb:f5f5f5,q_80/489adcac-aa2b-4376-916e-dd4abaf6368e/air-womens-pants-KplLNk.jpg', 'https://static.nike.com/a/images/t_PDP_864_v1/f_auto,b_rgb:f5f5f5,q_80/697260a7-826c-4864-adec-d0e4ab79c48b/air-womens-pants-KplLNk.jpg', 'The Nike Air Pants elevate a classic athletic pant design with panels made from durable fabric with a high shine. An elastic drawstring waist and cuffs add a customizable, snug fit ready for everyday wear.', 70, 50, 'Women\'s Pants', 3, 2),
(105, 'Nike Tempo Luxe', 'https://static.nike.com/a/images/t_PDP_864_v1/f_auto,b_rgb:f5f5f5/i1-74d5ffcd-0031-43b1-be57-0baff0ecd31f/tempo-luxe-womens-2-in-1-running-shorts-PfLl8r.jpg', 'https://static.nike.com/a/images/t_PDP_864_v1/f_auto,b_rgb:f5f5f5,q_80/i1-a62702fd-aefb-4d69-8242-0163788280b7/tempo-luxe-womens-2-in-1-running-shorts-PfLl8r.jpg', 'https://static.nike.com/a/images/t_PDP_864_v1/f_auto,b_rgb:f5f5f5,q_80/i1-b75cf97a-d415-41a7-8b36-f5e12c47cef1/tempo-luxe-womens-2-in-1-running-shorts-PfLl8r.jpg', 'https://static.nike.com/a/images/t_PDP_864_v1/f_auto,b_rgb:f5f5f5,q_80/i1-70d17125-742a-4a8d-aa48-24958a37be08/tempo-luxe-womens-2-in-1-running-shorts-PfLl8r.jpg', 'The Nike Tempo Luxe 2-in-1 Shorts feature lightweight, slightly stretchy fabric and an inner-short that has a supportive feel. Convenient pockets store everything you need to keep running without distractions.', 50, 50, 'Women\'s 2-in-1 Running Shorts', 3, 2),
(106, 'Elena Delle Donne Washington Mystics', 'https://static.nike.com/a/images/t_PDP_1728_v1/f_auto,b_rgb:f5f5f5/9a49477a-5b62-49a7-9f25-19e057b83b5b/elena-delle-donne-washington-mystics-wnba-basketball-jersey-WrR3Np.jpg', 'https://static.nike.com/a/images/t_PDP_1728_v1/f_auto,b_rgb:f5f5f5,q_80/74b7ddca-920a-463e-b6e5-29e1d804ceca/elena-delle-donne-washington-mystics-wnba-basketball-jersey-WrR3Np.jpg', NULL, NULL, 'Charge up your fan pride in the Elena Delle Donne Washington Mystics Nike WNBA Jersey. It\'s made from soft, lightweight performance fabric. This jersey replicates the look of what players wear on the court.', 100, 50, 'Nike WNBA Basketball Jersey', 2, 2),
(107, 'Nike Dri-FIT Legend', 'https://static.nike.com/a/images/t_PDP_864_v1/f_auto,b_rgb:f5f5f5/ni1trruvkkszcfns9oo0/dri-fit-legend-womens-training-t-shirt-0Tv1LC.jpg', 'https://static.nike.com/a/images/t_PDP_864_v1/f_auto,b_rgb:f5f5f5,q_80/rlbbjwn9igs4h06mf3iz/dri-fit-legend-womens-training-t-shirt-0Tv1LC.jpg', 'https://static.nike.com/a/images/t_PDP_864_v1/f_auto,b_rgb:f5f5f5,q_80/wmmni58gppkwjp9tdyhi/dri-fit-legend-womens-training-t-shirt-0Tv1LC.jpg', 'https://static.nike.com/a/images/t_PDP_864_v1/f_auto,b_rgb:f5f5f5,q_80/xktu2nawhnzbau3amhu8/dri-fit-legend-womens-training-t-shirt-0Tv1LC.jpg', 'The Nike Dri-FIT Legend T-Shirt us made with lightweight, sweat-wicking fabric with an anti-odor finish that helps keep you dry and comfortable from your first stretch well into the afterburn.', 25, 50, 'Women\'s Training T-Shirt', 2, 2),
(108, 'Brittney Griner Phoenix Mercury', 'https://static.nike.com/a/images/t_PDP_1728_v1/f_auto,b_rgb:f5f5f5/c04a9a87-20d9-446c-9170-d259ab751874/brittney-griner-phoenix-mercury-wnba-basketball-jersey-WrR3Np.jpg', 'https://static.nike.com/a/images/t_PDP_1728_v1/f_auto,b_rgb:f5f5f5,q_80/e879e717-96ac-4b2c-83b7-c4e92cf0b6b9/brittney-griner-phoenix-mercury-wnba-basketball-jersey-WrR3Np.jpg', NULL, NULL, 'Show pride for your fast, fearless squad in the Brittney Griner Phoenix Mercury Nike WNBA Jersey. It\'s made from soft, lightweight performance fabric. This jersey replicates the look of what players wear on the court.', 100, 50, 'Nike WNBA Basketball Jersey', 2, 2),
(109, 'NikeCourt Dri-FIT', 'https://static.nike.com/a/images/t_PDP_864_v1/f_auto,b_rgb:f5f5f5/27a311db-41cb-4fe4-98c9-58f28dc82fdf/nikecourt-dri-fit-womens-printed-tennis-skirt-MQ5hWR.jpg', 'https://static.nike.com/a/images/t_PDP_864_v1/f_auto,b_rgb:f5f5f5,q_80/0b425408-48fc-49ed-9804-4fd4ad198a16/nikecourt-dri-fit-womens-printed-tennis-skirt-MQ5hWR.jpg', 'https://static.nike.com/a/images/t_PDP_864_v1/f_auto,b_rgb:f5f5f5,q_80/c40550cf-04e8-452c-bb2c-d1f4d8b57cca/nikecourt-dri-fit-womens-printed-tennis-skirt-MQ5hWR.jpg', 'https://static.nike.com/a/images/t_PDP_864_v1/f_auto,b_rgb:f5f5f5,q_80/91f9c2b4-40ed-459b-b7fa-5d6e9cbcd6e0/nikecourt-dri-fit-womens-printed-tennis-skirt-MQ5hWR.jpg', 'Your favorite silhouette gets a makeover with the NikeCourt Dri-FIT Skirt. Flowy fabric and a breathable waistband help you stay cool and comfortable when your match heats up.', 60, 10, 'Women\'s Printed Tennis Skirt', 3, 2),
(110, 'Nike Tempo Luxe', 'https://static.nike.com/a/images/t_PDP_864_v1/f_auto,b_rgb:f5f5f5/js0wq7o2e4jytypsgxnl/tempo-luxe-womens-running-skort-jqFHwf.jpg', 'https://static.nike.com/a/images/t_PDP_864_v1/f_auto,b_rgb:f5f5f5,q_80/e4rskobahvlakmnlowwn/tempo-luxe-womens-running-skort-jqFHwf.jpg', 'https://static.nike.com/a/images/t_PDP_864_v1/f_auto,b_rgb:f5f5f5,q_80/erikmfyg90dsd9ze6lfa/tempo-luxe-womens-running-skort-jqFHwf.jpg', 'https://static.nike.com/a/images/t_PDP_864_v1/f_auto,b_rgb:f5f5f5,q_80/ysjfyjsl6opg8o0hn7nt/tempo-luxe-womens-running-skort-jqFHwf.jpg', 'Sport and style merge in the Nike Tempo Luxe Skort. An asymmetrical flap drapes the front panel for statement-making comfort. Notched side panels help with air flow as you run freely.', 45, 50, 'Women\'s Running Skort', 3, 2),
(111, 'Nike ACG', 'https://static.nike.com/a/images/t_PDP_864_v1/f_auto,b_rgb:f5f5f5,q_80/ab320b6e-9923-4a86-9a30-6e6a8e7e42c8/acg-logo-t-shirt-FZ8Dsb.jpg', 'https://static.nike.com/a/images/t_PDP_864_v1/f_auto,b_rgb:f5f5f5,q_80/985de29d-700e-431f-ac0a-064aee516a86/acg-logo-t-shirt-FZ8Dsb.jpg', '', '', 'Durable comfort. Rock-solid stitching. Classic style. The Nike ACG T-Shirt is a must-have staple that’s anything but ordinary.', 70, 20, 'Logo T-Shirt', 2, 1),
(112, 'U.S. 2019 Stadium Away', 'https://static.nike.com/a/images/t_PDP_864_v1/f_auto,b_rgb:f5f5f5/aqd4v8liga0ugxi9dkhn/us-2019-stadium-away-womens-soccer-jersey-0MzR0P.jpg', 'https://static.nike.com/a/images/t_PDP_864_v1/f_auto,b_rgb:f5f5f5,q_80/tbcegcudti8pnolbdwze/us-2019-stadium-away-womens-soccer-jersey-0MzR0P.jpg', 'https://static.nike.com/a/images/t_PDP_864_v1/f_auto,b_rgb:f5f5f5,q_80/le6prsdougewmjkqfxdn/us-2019-stadium-away-womens-soccer-jersey-0MzR0P.jpg', 'https://static.nike.com/a/images/t_PDP_864_v1/f_auto,b_rgb:f5f5f5,q_80/ordeig4jkxzvgeuwuoy2/us-2019-stadium-away-womens-soccer-jersey-0MzR0P.jpg', 'The U.S. 2019 Stadium Away Jersey features breathable, sweat-wicking fabric to help keep you cool, dry and comfortable in the stands or on the field.', 40, 50, 'Women\'s Soccer Jersey', 2, 2),
(113, 'Basketball Shorts', 'https://static.nike.com/a/images/t_PDP_864_v1/f_auto,b_rgb:f5f5f5/lc55a9mevr6ad4e0atg3/dri-fit-elite-big-kids-boys-basketball-shorts-z4vrJX.jpg', 'https://static.nike.com/a/images/t_PDP_864_v1/f_auto,b_rgb:f5f5f5,q_80/k0ucl3hxavkxflhqvgop/dri-fit-elite-big-kids-boys-basketball-shorts-z4vrJX.jpg', 'https://static.nike.com/a/images/t_PDP_864_v1/f_auto,b_rgb:f5f5f5,q_80/lackhgt8zl1n7apavafe/dri-fit-elite-big-kids-boys-basketball-shorts-z4vrJX.jpg', 'https://static.nike.com/a/images/t_PDP_864_v1/f_auto,b_rgb:f5f5f5,q_80/sldzwwwk7t4sywfs7vya/dri-fit-elite-big-kids-boys-basketball-shorts-z4vrJX.jpg', 'The Nike Dri-FIT Elite Shorts have sweat-wicking fabric to help you stay dry and comfortable when your game heats up. Their knee-length design helps keep you covered on your way to the basket.', 50, 100, 'Big Kids\' (Boys\')', 3, 3),
(114, 'Nike Pro', 'https://static.nike.com/a/images/t_PDP_864_v1/f_auto,b_rgb:f5f5f5/wouog4t0nbugaeztatbc/pro-big-kids-boys-short-sleeve-training-top-507LBJ.jpg', 'https://static.nike.com/a/images/t_PDP_864_v1/f_auto,b_rgb:f5f5f5,q_80/jx6trhlwbtah3yskcvs5/pro-big-kids-boys-short-sleeve-training-top-507LBJ.jpg', 'https://static.nike.com/a/images/t_PDP_864_v1/f_auto,b_rgb:f5f5f5,q_80/jsgybqa8ygzqdbo3fzuf/pro-big-kids-boys-short-sleeve-training-top-507LBJ.jpg', 'https://static.nike.com/a/images/t_PDP_864_v1/f_auto,b_rgb:f5f5f5,q_80/qtcv2btlvos57in18rr3/pro-big-kids-boys-short-sleeve-training-top-507LBJ.jpg', 'The Nike Pro Top is made of stretchy, sweat-wicking fabric to help keep you dry, cool and comfortable. Wear it as a base layer or your only layer to tackle your next challenge.', 25, 50, 'Big Kids’ (Boys’) Short-Sleeve Training Top', 2, 3),
(115, 'Nike Air', 'https://static.nike.com/a/images/t_PDP_864_v1/f_auto,b_rgb:f5f5f5/da036020-3b7e-4a92-b13f-f0af3eba4307/air-big-kids-boys-french-terry-pullover-hoodie-fC1sBH.jpg', 'https://static.nike.com/a/images/t_PDP_864_v1/f_auto,b_rgb:f5f5f5,q_80/25f8db55-ff14-4478-b1d1-5d8a88457111/air-big-kids-boys-french-terry-pullover-hoodie-fC1sBH.jpg', 'https://static.nike.com/a/images/t_PDP_864_v1/f_auto,b_rgb:f5f5f5,q_80/cdbbf563-e3fa-42d1-bd0b-62aee37f2fb3/air-big-kids-boys-french-terry-pullover-hoodie-fC1sBH.jpg', 'https://static.nike.com/a/images/t_PDP_864_v1/f_auto,b_rgb:f5f5f5,q_80/c275e811-5cd9-4542-b325-de9fc3029674/air-big-kids-boys-french-terry-pullover-hoodie-fC1sBH.jpg', 'We love Air as much as you do. The Nike Air Hoodie shows big brand love on your grab-and-go pullover to make it an easy fit into your weekly rotation.', 60, 10, 'Big Kids\' (Boys\') French Terry Pullover Hoodie', 2, 3),
(116, 'Nike Trophy', 'https://static.nike.com/a/images/t_PDP_864_v1/f_auto,b_rgb:f5f5f5/45f485ee-95b9-4489-82c9-80691c2a0a05/trophy-big-kids-boys-printed-training-shorts-4XqV7f.jpg', 'https://static.nike.com/a/images/t_PDP_864_v1/f_auto,b_rgb:f5f5f5,q_80/70869530-9fda-4177-b743-8fc15e3b3abd/trophy-big-kids-boys-printed-training-shorts-4XqV7f.jpg', 'https://static.nike.com/a/images/t_PDP_864_v1/f_auto,b_rgb:f5f5f5,q_80/5a680c25-c8a2-4432-8a23-9adfea3ffbbd/trophy-big-kids-boys-printed-training-shorts-4XqV7f.jpg', 'https://static.nike.com/a/images/t_PDP_864_v1/f_auto,b_rgb:f5f5f5,q_80/32475963-3ce2-47e9-80f5-19baca927882/trophy-big-kids-boys-printed-training-shorts-4XqV7f.jpg', 'Your favorite sport awaits when you pull on the Nike Trophy Shorts. They’re powered by Dri-FIT, plus adjust for a perfectly snug fit while you run, jump and play.', 20, 50, 'Big Kids\' (Boys\') Printed Training Shorts', 3, 3),
(117, 'Nike Sportswear', 'https://static.nike.com/a/images/t_PDP_864_v1/f_auto,b_rgb:f5f5f5/8fab10e2-75c0-4784-8698-7022be40cb2d/sportswear-big-kids-girls-graphic-full-zip-hoodie-rKNJ97.jpg', 'https://static.nike.com/a/images/t_PDP_864_v1/f_auto,b_rgb:f5f5f5,q_80/47d787c9-f28c-44e0-942f-18cdbc48af58/sportswear-big-kids-girls-graphic-full-zip-hoodie-rKNJ97.jpg', 'https://static.nike.com/a/images/t_PDP_864_v1/f_auto,b_rgb:f5f5f5,q_80/5bce2798-cf07-4794-97f3-213de83dc3e9/sportswear-big-kids-girls-graphic-full-zip-hoodie-rKNJ97.jpg', 'https://static.nike.com/a/images/t_PDP_864_v1/f_auto,b_rgb:f5f5f5,q_80/f6ec1f13-7d88-4240-be49-d49eb2e738e4/sportswear-big-kids-girls-graphic-full-zip-hoodie-rKNJ97.jpg', 'Stay a little more cozy with the Nike Sportswear Hoodie. Whether you’re playing outside or kicking back at home, this zip-up will feel comfy anywhere. Plus, we’ve added a colorful design and front pockets to give a lil’ extra to a classic.', 50, 50, 'Nike Sportswear Big Kids\' (Girls\') Graphic Full-Zi', 2, 3),
(118, 'Nike Sportswear Tech Fleece', 'https://static.nike.com/a/images/t_PDP_864_v1/f_auto,b_rgb:f5f5f5/lzdfxprg12coxvjc8eji/sportswear-tech-fleece-little-kids-pants-nQgQzD.jpg', 'https://static.nike.com/a/images/t_PDP_864_v1/f_auto,b_rgb:f5f5f5,q_80/q5gvn9pb6spxh1uqxya3/sportswear-tech-fleece-little-kids-pants-nQgQzD.jpg', 'https://static.nike.com/a/images/t_PDP_864_v1/f_auto,b_rgb:f5f5f5,q_80/ijvfshprunzxzcw0qlfr/sportswear-tech-fleece-little-kids-pants-nQgQzD.jpg', 'https://static.nike.com/a/images/t_PDP_864_v1/f_auto,b_rgb:f5f5f5,q_80/fdhxshsyxnouuouas8ww/sportswear-tech-fleece-little-kids-pants-nQgQzD.jpg', 'The Nike Sportswear Tech Fleece Pants made with soft, lightweight fleece fabric that keeps little ones warm and cozy. A tapered design stays close to the body and allows little ones to move naturally.', 60, 50, 'Little Kids\' Pants', 3, 3),
(119, 'Nike Sportswear', 'https://static.nike.com/a/images/t_PDP_864_v1/f_auto,b_rgb:f5f5f5/2696bef8-fe48-46ea-983c-9047710892ea/sportswear-big-kids-tunic-Pzsx7x.jpg', 'https://static.nike.com/a/images/t_PDP_864_v1/f_auto,b_rgb:f5f5f5,q_80/b9518631-347e-4f42-bf26-e7f75272fce5/sportswear-big-kids-tunic-Pzsx7x.jpg', 'https://static.nike.com/a/images/t_PDP_864_v1/f_auto,b_rgb:f5f5f5,q_80/344631cb-11e0-4c5b-8219-c3f59c3d65e7/sportswear-big-kids-tunic-Pzsx7x.jpg', 'https://static.nike.com/a/images/t_PDP_864_v1/f_auto,b_rgb:f5f5f5,q_80/c6d64934-ccd5-4775-adcb-9706526187d4/sportswear-big-kids-tunic-Pzsx7x.jpg', 'The Nike Sportswear Tunic is all about feeling good. Soft French terry fabric keeps you comfy whether you wear the style solo or over leggings. This product is made with at least 75% sustainable materials, using a blend of recycled polyester, recycled cotton and organic cotton fabrics. The blend is at least 10% recycled fabric or at least 10% organic cotton fabric.', 65, 50, 'Big Kids\' Tunic', 2, 3),
(120, 'Nike Sportswear', 'https://static.nike.com/a/images/t_PDP_864_v1/f_auto,b_rgb:f5f5f5/3a51e7ae-8117-4d3a-9b36-0daaaed41217/sportswear-big-kids-girls-pullover-hoodie-h9R762.jpg', 'https://static.nike.com/a/images/t_PDP_864_v1/f_auto,b_rgb:f5f5f5,q_80/0f1e2107-eb4e-4bc9-a839-d8deb535c015/sportswear-big-kids-girls-pullover-hoodie-h9R762.jpg', 'https://static.nike.com/a/images/t_PDP_864_v1/f_auto,b_rgb:f5f5f5,q_80/131ea632-1120-452f-b7e3-1a53f225cb38/sportswear-big-kids-girls-pullover-hoodie-h9R762.jpg', 'https://static.nike.com/a/images/t_PDP_864_v1/f_auto,b_rgb:f5f5f5,q_80/83b9c7be-ae21-489a-bb26-b4fddfb6a289/sportswear-big-kids-girls-pullover-hoodie-h9R762.jpg', 'The Nike Sportswear Pullover Hoodie celebrates the force that sports gives us as teams and individuals. Soft brushed fleece wraps you in cozy warmth when the temperatures start to drop.', 50, 50, 'Big Kids\' (Girls\') Pullover Hoodie', 2, 3),
(121, 'Nike Brasilia', 'https://static.nike.com/a/images/t_PDP_864_v1/f_auto,b_rgb:f5f5f5/i1-c38d04f1-78e8-4f33-ab86-ceed7b559509/brasilia-kids-printed-backpack-dnPrtH.jpg', 'https://static.nike.com/a/images/t_PDP_864_v1/f_auto,b_rgb:f5f5f5,q_80/i1-616c44e4-c734-483a-b91b-9e8db780291b/brasilia-kids-printed-backpack-dnPrtH.jpg', 'https://static.nike.com/a/images/t_PDP_864_v1/f_auto,b_rgb:f5f5f5,q_80/i1-a2263c0a-9c39-46e7-98d9-17d884a523fc/brasilia-kids-printed-backpack-dnPrtH.jpg', 'https://static.nike.com/a/images/t_PDP_864_v1/f_auto,b_rgb:f5f5f5,q_80/i1-18b80afb-d589-40f4-9feb-7f4c41b9fa78/brasilia-kids-printed-backpack-dnPrtH.jpg', 'he Nike Brasilia Backpack is not just any bag. The main compartment is roomy with lots of pockets to organize your school essentials. Plus, it has extra pockets outside on top of a colorful “Just Do It.” print for a design that\'s functional and stylish', 35, 50, 'Kids\' Printed Backpack', 4, 3),
(122, 'Nike', 'https://static.nike.com/a/images/t_PDP_1728_v1/f_auto,b_rgb:f5f5f5/87f4a280-7097-4ff5-917f-1efb85200840/big-kids-beanie-and-gloves-set-n7NNK7.jpg', 'https://static.nike.com/a/images/t_PDP_1728_v1/f_auto,b_rgb:f5f5f5,q_80/febdcfeb-2644-44df-b532-930548cf0ab5/big-kids-beanie-and-gloves-set-n7NNK7.jpg', 'https://static.nike.com/a/images/t_PDP_1728_v1/f_auto,b_rgb:f5f5f5,q_80/057d6cb9-a025-4f6e-be53-f9d305d0ec2f/big-kids-beanie-and-gloves-set-n7NNK7.jpg', NULL, 'The Nike Set includes a beanie and warm gloves made from supersoft knit fabric to help keep you cozy in the cold.', 25, 50, 'Big Kids\' Beanie and Gloves Set', 4, 3),
(123, 'Nike Strike', 'https://static.nike.com/a/images/t_PDP_1728_v1/f_auto,b_rgb:f5f5f5/u5jfdd3ayghnhnvazcmk/strike-soccer-ball-wPvTR8.jpg', 'https://static.nike.com/a/images/t_PDP_1728_v1/f_auto,b_rgb:f5f5f5,q_80/tfoh9zjn7tvtrshsfxmo/strike-soccer-ball-wPvTR8.jpg', NULL, NULL, 'The Nike Strike Soccer Ball is ready for everyday play with its 12-panel design and high visibility details for easy tracking.', 25.97, 50, 'Soccer Ball', 4, 3),
(124, 'Nike', 'https://static.nike.com/a/images/t_PDP_1728_v1/f_auto,b_rgb:f5f5f5/a157ea63-d199-4610-a682-f0bee7ee5430/headbands-4-pack-nOlbJm.jpg', 'https://static.nike.com/a/images/t_PDP_1728_v1/f_auto,b_rgb:f5f5f5,q_80/d8b3ca8d-f4db-4cf0-8b0c-e3f4cf6ad218/headbands-4-pack-nOlbJm.jpg', NULL, NULL, 'The Nike Headbands are made with stretchy elastic to keep your hair out of your face, so you can maintain your focus.', 12, 50, 'Headbands (4 Pack)', 4, 2);
INSERT INTO `products` (`id`, `title`, `image`, `image_1`, `image_2`, `image_3`, `description`, `price`, `quantity`, `another_CatName`, `category_id`, `classify_id`) VALUES
(125, 'Nike Future Pro', 'https://static.nike.com/a/images/t_PDP_864_v1/f_auto,b_rgb:f5f5f5/i1-9f561f2d-9e6f-433f-8915-3492916a90fb/future-pro-kids-duffel-bag-jwQl2m.jpg', 'https://static.nike.com/a/images/t_PDP_864_v1/f_auto,b_rgb:f5f5f5,q_80/i1-825ab6af-03fd-40ca-aa53-afdb48000774/future-pro-kids-duffel-bag-jwQl2m.jpg', 'https://static.nike.com/a/images/t_PDP_864_v1/f_auto,b_rgb:f5f5f5,q_80/ff4f9aec-0355-4a57-a99f-53d81c664938/future-pro-kids-duffel-bag-jwQl2m.jpg', 'https://static.nike.com/a/images/t_PDP_864_v1/f_auto,b_rgb:f5f5f5,q_80/i1-45f1e03c-f927-4067-9f6b-45f6e54e4f6d/future-pro-kids-duffel-bag-jwQl2m.jpg', 'Don\'t be afraid to overpack with the Nike Future Pro Duffel Bag. The inside space is perfect for all your gear. Still not enough? It also has pockets outside. Store everything you need in a design that’s durable and versatile for practice, game day or road trips.', 45, 100, 'Kids\' Duffel Bag', 4, 3),
(126, 'Nike Gym Club', 'https://static.nike.com/a/images/t_PDP_864_v1/f_auto,b_rgb:f5f5f5/858c3427-18a7-4953-95a9-d954f3055f96/gym-club-kids-duffel-bag-DNTBjb81.jpg', 'https://static.nike.com/a/images/t_PDP_864_v1/f_auto,b_rgb:f5f5f5,q_80/28d531a8-70c2-4ed2-b222-78a44f8e585c/gym-club-kids-duffel-bag-DNTBjb81.jpg', 'https://static.nike.com/a/images/t_PDP_864_v1/f_auto,b_rgb:f5f5f5,q_80/67d3c200-b4f6-4bc3-a020-122becca4657/gym-club-kids-duffel-bag-DNTBjb81.jpg', 'https://static.nike.com/a/images/t_PDP_864_v1/f_auto,b_rgb:f5f5f5,q_80/ff0afa60-ec2f-4e8d-aa45-08a5e249d24a/gym-club-kids-duffel-bag-DNTBjb81.jpg', 'The Nike Gym Club Bag has you set for practice, the game or your next adventure. This duffel has a full-zip main compartment with inside pockets to keep you organized. Carry it by hand or around your shoulders so your gear is always close.', 25, 50, 'Kids\' Duffel Bag', 4, 3),
(127, 'Nike Vapor Clutch Bat', 'https://static.nike.com/a/images/t_PDP_864_v1/f_auto,b_rgb:f5f5f5/73a15f1e-380b-46a6-9e46-48985bd33f20/vapor-clutch-bat-baseball-backpack-cWp48p.jpg', 'https://static.nike.com/a/images/t_PDP_864_v1/f_auto,b_rgb:f5f5f5,q_80/ef94745d-f5ac-45fa-ac26-a12f9eaf4004/vapor-clutch-bat-baseball-backpack-cWp48p.jpg', 'https://static.nike.com/a/images/t_PDP_864_v1/f_auto,b_rgb:f5f5f5,q_80/8fb2f870-820e-4c46-b0f7-e00f49956785/vapor-clutch-bat-baseball-backpack-cWp48p.jpg', 'https://static.nike.com/a/images/t_PDP_864_v1/f_auto,b_rgb:f5f5f5,q_80/01e9f9f4-7562-48d1-ae15-bf346ff607a7/vapor-clutch-bat-baseball-backpack-cWp48p.jpg', 'Designed to carry your gear to and from the diamond, the Nike Vapor Clutch Bat Backpack features 2 side pockets for your bats. A separate compartment at the bottom houses your cleats, so you can keep your on-field essentials in one spot.', 40, 50, 'Baseball Backpack', 4, 3),
(128, 'Nike All-Field 3.0', 'https://static.nike.com/a/images/t_PDP_1728_v1/f_auto,b_rgb:f5f5f5/p9z445mcdhdu5cmsj29e/all-field-3-football-EW8vm8.jpg', 'https://static.nike.com/a/images/t_PDP_1728_v1/f_auto,b_rgb:f5f5f5,q_80/yjhlykibtk7lxo8nbui9/all-field-3-football-EW8vm8.jpg', NULL, NULL, 'Engineered for throwing tighter spirals, the Nike All-Field 3.0 Football is made of tacky synthetic leather for consistent control and features extruded laces for a precise grip.', 20, 50, 'Football', 4, 3),
(129, 'Nike Flash Run Division', 'https://static.nike.com/a/images/t_PDP_864_v1/f_auto,b_rgb:f5f5f5/884808d1-f771-4366-8cd0-538660653271/flash-run-division-mens-running-jacket-RjNS8W.jpg', 'https://static.nike.com/a/images/t_PDP_864_v1/f_auto,b_rgb:f5f5f5,q_80/2de61e50-d57a-41ef-adfb-1ddb6e6d8f43/flash-run-division-mens-running-jacket-RjNS8W.jpg', 'https://static.nike.com/a/images/t_PDP_864_v1/f_auto,b_rgb:f5f5f5,q_80/b7e77d26-3565-42f4-8d7a-269067db1b3d/flash-run-division-mens-running-jacket-RjNS8W.jpg', 'https://static.nike.com/a/images/t_PDP_864_v1/f_auto,b_rgb:f5f5f5,q_80/c9daed49-1a63-4b9a-aae5-502aed62fab7/flash-run-division-mens-running-jacket-RjNS8W.jpg', 'The Nike Flash Run Division Jacket offers coverage for your route. Weather-resistant fabric guards you against inclement weather, while hand mittens provide extra warmth. This product is made with at least 50% recycled polyester fibers.', 165, 50, 'Men\'s Running Jacket', 2, 1),
(130, 'Nike Sportswear Synthetic-Fill', 'https://static.nike.com/a/images/t_PDP_864_v1/f_auto,b_rgb:f5f5f5/f8f376d1-6203-472a-87c0-0971265c7a64/sportswear-synthetic-fill-mens-hypershield-parka-0KPwRH.jpg', 'https://static.nike.com/a/images/t_PDP_864_v1/f_auto,b_rgb:f5f5f5,q_80/902a113e-7c8f-448d-9285-f9b2a1e9eb2b/sportswear-synthetic-fill-mens-hypershield-parka-0KPwRH.jpg', 'https://static.nike.com/a/images/t_PDP_864_v1/f_auto,b_rgb:f5f5f5,q_80/9a56ca23-e4bb-46bb-bac3-e72745ab8a76/sportswear-synthetic-fill-mens-hypershield-parka-0KPwRH.jpg', 'https://static.nike.com/a/images/t_PDP_864_v1/f_auto,b_rgb:f5f5f5,q_80/cc27f37f-20c4-4c7f-902e-7248175c77b4/sportswear-synthetic-fill-mens-hypershield-parka-0KPwRH.jpg', 'The Nike Sportswear Parka is a waterproof and windproof jacket made for navigating through the city in wet weather. Its combination of Nike Hypershield fabric and synthetic insulation helps you stay warm and dry, keeping the weather from disrupting your day.', 375, 50, 'Men\'s Hypershield Parka', 2, 1),
(133, 'Nike Sportswear Heritage', 'https://static.nike.com/a/images/t_PDP_864_v1/f_auto,b_rgb:f5f5f5/60619055-0fc5-40bf-b0af-d4a775fc36ae/sportswear-heritage-mens-jacket-FfkvxK.jpg', 'https://static.nike.com/a/images/t_PDP_864_v1/f_auto,b_rgb:f5f5f5,q_80/1bcc0214-0fd8-48df-9833-db4b8d7547e3/sportswear-heritage-mens-jacket-FfkvxK.jpg', 'https://static.nike.com/a/images/t_PDP_864_v1/f_auto,b_rgb:f5f5f5,q_80/245f0dd4-d5b6-4251-a90d-83666fb9caf9/sportswear-heritage-mens-jacket-FfkvxK.jpg', 'https://static.nike.com/a/images/t_PDP_864_v1/f_auto,b_rgb:f5f5f5,q_80/1045a6e6-eb39-42ea-a9d6-7be3c323c473/sportswear-heritage-mens-jacket-FfkvxK.jpg', 'Designed to keep you comfortable outdoors, the Nike Sportswear Heritage Jacket combines the comfort of high-loft fleece with weather protection. Onion quilting and pops of color provide an outdoors-inspired look while updated details ensure you and your essentials are protected from the elements.', 160, 50, 'Men\'s Jacket', 2, 1),
(134, 'Nike Dri-FIT (Aaron Donald)', 'https://static.nike.com/a/images/t_PDP_1728_v1/f_auto,b_rgb:f5f5f5/6adcb809-deb3-4547-898d-0139d787851f/dri-fit-aaron-donald-mens-t-shirt-r8xRc6.jpg', 'https://static.nike.com/a/images/t_PDP_1728_v1/f_auto,b_rgb:f5f5f5,q_80/46560acc-018f-4ac0-8dc2-5f883e21221e/dri-fit-aaron-donald-mens-t-shirt-r8xRc6.jpg', NULL, NULL, 'Beast on the field, beast in the weight room. Rep your favorite player in the Nike Dri-FIT (Aaron Donald) T-Shirt.', 30, 50, 'Men\'s T-Shirt', 2, 1),
(135, 'Nike Dri-FIT Run Division', 'https://static.nike.com/a/images/t_PDP_864_v1/f_auto,b_rgb:f5f5f5/dda572da-179d-49b9-abae-9b61cf339bca/dri-fit-run-division-mens-running-t-shirt-mzTqcs.jpg', 'https://static.nike.com/a/images/t_PDP_864_v1/f_auto,b_rgb:f5f5f5,q_80/90a0ee41-457d-4e10-a624-e76e246d5cab/dri-fit-run-division-mens-running-t-shirt-mzTqcs.jpg', 'https://static.nike.com/a/images/t_PDP_864_v1/f_auto,b_rgb:f5f5f5,q_80/a6d994c5-8fff-44fa-971c-dead395e889e/dri-fit-run-division-mens-running-t-shirt-mzTqcs.jpg', 'https://static.nike.com/a/images/t_PDP_864_v1/f_auto,b_rgb:f5f5f5,q_80/7ee6fb3a-ee9f-4aac-bdf2-78a7b4f98b7a/dri-fit-run-division-mens-running-t-shirt-mzTqcs.jpg', 'Stay committed with an essential running staple. The Nike Dri-FIT T-Shirt delivers a soft feel for a comfortable experience.', 30, 50, 'Men\'s Running T-Shirt', 2, 1),
(136, 'Nike Dri-FIT Trail\r\n', 'https://static.nike.com/a/images/t_PDP_864_v1/f_auto,b_rgb:f5f5f5/70a62a6d-e631-4813-81a2-89f703008473/dri-fit-trail-mens-long-sleeve-trail-running-t-shirt-smJQJm.jpg', 'https://static.nike.com/a/images/t_PDP_864_v1/f_auto,b_rgb:f5f5f5,q_80/d3f7ff11-ea6c-4d46-9384-6668d3362fec/dri-fit-trail-mens-long-sleeve-trail-running-t-shirt-smJQJm.jpg', 'https://static.nike.com/a/images/t_PDP_864_v1/f_auto,b_rgb:f5f5f5,q_80/17548e46-9d1f-405f-8a8e-682ba27243d3/dri-fit-trail-mens-long-sleeve-trail-running-t-shirt-smJQJm.jpg', 'https://static.nike.com/a/images/t_PDP_864_v1/f_auto,b_rgb:f5f5f5,q_80/d4addd9a-dda9-417e-a779-631d0867f7a5/dri-fit-trail-mens-long-sleeve-trail-running-t-shirt-smJQJm.jpg', 'Stay on pace with a trail-ready tee that helps wick sweat. The Nike Dri-FIT Trail T-Shirt delivers soft comfort for your off-road miles.', 45, 50, 'Nike Dri-FIT Trail Men\'s Long-Sleeve Trail Running', 2, 1),
(137, 'Nike Blazer Mid \'77 Vintage', 'https://static.nike.com/a/images/t_PDP_864_v1/f_auto,b_rgb:f5f5f5/eadd30a9-b086-4c70-b02e-e3f81304298d/blazer-mid-77-vintage-womens-shoe-25h71W.jpg', 'https://static.nike.com/a/images/t_PDP_864_v1/f_auto,b_rgb:f5f5f5,q_80/7d7813a4-7e09-4d61-a54f-0a16ef95ad17/blazer-mid-77-vintage-womens-shoe-25h71W.jpg', 'https://static.nike.com/a/images/t_PDP_864_v1/f_auto,b_rgb:f5f5f5,q_80/d076fe48-38a7-4bab-937e-a350692adf9b/blazer-mid-77-vintage-womens-shoe-25h71W.jpg', 'https://static.nike.com/a/images/t_PDP_864_v1/f_auto,b_rgb:f5f5f5,q_80/72daa14b-5acd-47f0-b726-d7df3203212d/blazer-mid-77-vintage-womens-shoe-25h71W.jpg', 'The Nike Blazer Mid \'77 Vintage harnesses the old-school look of Nike b-ball with a retro midsole finish, making it look like you\'ve been saving them for years. Its luscious suede, throwback Swoosh and padded collar make it a modern staple. The ultraclean colors add a crisp look that completes any outfit.', 97.97, 50, 'Women\'s Shoe', 1, 2),
(138, 'Nike React Infinity Run Flyknit', 'https://static.nike.com/a/images/t_PDP_864_v1/f_auto,b_rgb:f5f5f5/bfe52c53-028b-496a-84a6-2ad2cc44ef7a/react-infinity-run-flyknit-womens-running-shoe-c54NMG.jpg', 'https://static.nike.com/a/images/t_PDP_864_v1/f_auto,b_rgb:f5f5f5,q_80/3671b27b-756e-42dc-ac34-d1d68467e104/react-infinity-run-flyknit-womens-running-shoe-c54NMG.jpg', 'https://static.nike.com/a/images/t_PDP_864_v1/f_auto,b_rgb:f5f5f5,q_80/89e7a31c-79bb-4fe0-bbf4-85c131acbdef/react-infinity-run-flyknit-womens-running-shoe-c54NMG.jpg', 'https://static.nike.com/a/images/t_PDP_864_v1/f_auto,b_rgb:f5f5f5,q_80/c5aec442-a64d-42bc-b1dd-c162f10f26ce/react-infinity-run-flyknit-womens-running-shoe-c54NMG.jpg', 'The Nike React Infinity Run Flyknit is designed to help reduce injury and keep you on the run. More foam and improved upper details provide a secure and cushioned feel. Lace up and feel the potential, mile after mile.', 160, 50, 'Women\'s Running Shoe', 1, 2);

-- --------------------------------------------------------

--
-- Table structure for table `users`
--

CREATE TABLE `users` (
  `id` int(11) NOT NULL,
  `password` varchar(255) NOT NULL,
  `firstname` varchar(50) DEFAULT NULL,
  `lastname` varchar(50) DEFAULT NULL,
  `email` varchar(50) NOT NULL,
  `dob` date DEFAULT NULL,
  `since` timestamp NOT NULL DEFAULT current_timestamp() ON UPDATE current_timestamp(),
  `role` varchar(50) DEFAULT NULL
) ENGINE=InnoDB DEFAULT CHARSET=utf8mb4;

--
-- Dumping data for table `users`
--

INSERT INTO `users` (`id`, `password`, `firstname`, `lastname`, `email`, `dob`, `since`, `role`) VALUES
(1, '$2a$10$fWmZ5PkOs2kTpn7JcsgRxOI4DSiNbzazslz2Kd35Ihmtt9VoSt1Z.', 'MyNhung', 'Vo', '1751010102nhung@ou.edu.vn', '2020-10-15', '2020-10-26 14:47:15', 'Customer'),
(2, '$2a$10$JRMWlevYFc2RaedEVmfzbOb68GhU0cnNCh0lkhTG6w8MoSvXaYqAi', 'Admin', '', 'admin@dsport.vn', '2020-11-03', '2020-11-09 10:11:03', 'Admin'),
(4, '$2a$10$AQ/6eRlWViHtf1Heu1D4dODLshdNVpxllqzCJv9hOeI.Ol34zfgkC', 'MyNhung', 'Vo', 'vtmn1212@gmail.com', '2020-11-27', '2020-11-10 15:03:13', 'Customer');

--
-- Indexes for dumped tables
--

--
-- Indexes for table `categories`
--
ALTER TABLE `categories`
  ADD PRIMARY KEY (`id`);

--
-- Indexes for table `classify`
--
ALTER TABLE `classify`
  ADD PRIMARY KEY (`id`);

--
-- Indexes for table `orders`
--
ALTER TABLE `orders`
  ADD PRIMARY KEY (`id`),
  ADD KEY `fk_orders_has_user_id` (`user_id`);

--
-- Indexes for table `orders_details`
--
ALTER TABLE `orders_details`
  ADD PRIMARY KEY (`id`),
  ADD KEY `order_id` (`order_id`),
  ADD KEY `product_id` (`product_id`);

--
-- Indexes for table `products`
--
ALTER TABLE `products`
  ADD PRIMARY KEY (`id`),
  ADD KEY `fk_products_has_categories_id` (`category_id`),
  ADD KEY `fk_products_has_classify_id` (`classify_id`);

--
-- Indexes for table `users`
--
ALTER TABLE `users`
  ADD PRIMARY KEY (`id`);

--
-- AUTO_INCREMENT for dumped tables
--

--
-- AUTO_INCREMENT for table `categories`
--
ALTER TABLE `categories`
  MODIFY `id` int(11) NOT NULL AUTO_INCREMENT, AUTO_INCREMENT=5;

--
-- AUTO_INCREMENT for table `classify`
--
ALTER TABLE `classify`
  MODIFY `id` int(11) NOT NULL AUTO_INCREMENT, AUTO_INCREMENT=5;

--
-- AUTO_INCREMENT for table `orders`
--
ALTER TABLE `orders`
  MODIFY `id` int(11) NOT NULL AUTO_INCREMENT, AUTO_INCREMENT=9;

--
-- AUTO_INCREMENT for table `orders_details`
--
ALTER TABLE `orders_details`
  MODIFY `id` int(11) NOT NULL AUTO_INCREMENT, AUTO_INCREMENT=7;

--
-- AUTO_INCREMENT for table `products`
--
ALTER TABLE `products`
  MODIFY `id` int(11) NOT NULL AUTO_INCREMENT, AUTO_INCREMENT=139;

--
-- AUTO_INCREMENT for table `users`
--
ALTER TABLE `users`
  MODIFY `id` int(11) NOT NULL AUTO_INCREMENT, AUTO_INCREMENT=5;

--
-- Constraints for dumped tables
--

--
-- Constraints for table `orders`
--
ALTER TABLE `orders`
  ADD CONSTRAINT `fk_orders_has_user_id` FOREIGN KEY (`user_id`) REFERENCES `users` (`id`) ON DELETE CASCADE ON UPDATE CASCADE;

--
-- Constraints for table `orders_details`
--
ALTER TABLE `orders_details`
  ADD CONSTRAINT `fk_orderdetails_has_order_id` FOREIGN KEY (`order_id`) REFERENCES `orders` (`id`) ON DELETE CASCADE ON UPDATE CASCADE,
  ADD CONSTRAINT `fk_orderdetails_has_products_id` FOREIGN KEY (`product_id`) REFERENCES `products` (`id`) ON DELETE CASCADE ON UPDATE CASCADE;

--
-- Constraints for table `products`
--
ALTER TABLE `products`
  ADD CONSTRAINT `fk_products_has_categories_id` FOREIGN KEY (`category_id`) REFERENCES `categories` (`id`) ON DELETE CASCADE ON UPDATE CASCADE,
  ADD CONSTRAINT `fk_products_has_classify_id` FOREIGN KEY (`classify_id`) REFERENCES `classify` (`id`) ON DELETE CASCADE ON UPDATE CASCADE;
COMMIT;

/*!40101 SET CHARACTER_SET_CLIENT=@OLD_CHARACTER_SET_CLIENT */;
/*!40101 SET CHARACTER_SET_RESULTS=@OLD_CHARACTER_SET_RESULTS */;
/*!40101 SET COLLATION_CONNECTION=@OLD_COLLATION_CONNECTION */;
