-- MySQL dump 10.13  Distrib 8.0.21, for Win64 (x86_64)
--
-- Host: localhost    Database: d.sport
-- ------------------------------------------------------
-- Server version	8.0.21

/*!40101 SET @OLD_CHARACTER_SET_CLIENT=@@CHARACTER_SET_CLIENT */;
/*!40101 SET @OLD_CHARACTER_SET_RESULTS=@@CHARACTER_SET_RESULTS */;
/*!40101 SET @OLD_COLLATION_CONNECTION=@@COLLATION_CONNECTION */;
/*!50503 SET NAMES utf8 */;
/*!40103 SET @OLD_TIME_ZONE=@@TIME_ZONE */;
/*!40103 SET TIME_ZONE='+00:00' */;
/*!40014 SET @OLD_UNIQUE_CHECKS=@@UNIQUE_CHECKS, UNIQUE_CHECKS=0 */;
/*!40014 SET @OLD_FOREIGN_KEY_CHECKS=@@FOREIGN_KEY_CHECKS, FOREIGN_KEY_CHECKS=0 */;
/*!40101 SET @OLD_SQL_MODE=@@SQL_MODE, SQL_MODE='NO_AUTO_VALUE_ON_ZERO' */;
/*!40111 SET @OLD_SQL_NOTES=@@SQL_NOTES, SQL_NOTES=0 */;

--
-- Table structure for table `categories`
--

DROP TABLE IF EXISTS `categories`;
/*!40101 SET @saved_cs_client     = @@character_set_client */;
/*!50503 SET character_set_client = utf8mb4 */;
CREATE TABLE `categories` (
  `id` int NOT NULL AUTO_INCREMENT,
  `title` varchar(255) NOT NULL,
  PRIMARY KEY (`id`)
) ENGINE=InnoDB AUTO_INCREMENT=5 DEFAULT CHARSET=utf8mb4 COLLATE=utf8mb4_0900_ai_ci;
/*!40101 SET character_set_client = @saved_cs_client */;

--
-- Dumping data for table `categories`
--

LOCK TABLES `categories` WRITE;
/*!40000 ALTER TABLE `categories` DISABLE KEYS */;
INSERT INTO `categories` VALUES (1,'Shoes'),(2,'Top'),(3,'Bottom'),(4,'Accessories\r\n\r\n');
/*!40000 ALTER TABLE `categories` ENABLE KEYS */;
UNLOCK TABLES;

--
-- Table structure for table `classify`
--

DROP TABLE IF EXISTS `classify`;
/*!40101 SET @saved_cs_client     = @@character_set_client */;
/*!50503 SET character_set_client = utf8mb4 */;
CREATE TABLE `classify` (
  `id` int NOT NULL,
  `name` varchar(255) COLLATE utf8_unicode_ci NOT NULL,
  PRIMARY KEY (`id`)
) ENGINE=InnoDB DEFAULT CHARSET=utf8 COLLATE=utf8_unicode_ci;
/*!40101 SET character_set_client = @saved_cs_client */;

--
-- Dumping data for table `classify`
--

LOCK TABLES `classify` WRITE;
/*!40000 ALTER TABLE `classify` DISABLE KEYS */;
INSERT INTO `classify` VALUES (1,'Men'),(2,'Women'),(3,'Kids'),(4,'Accessories');
/*!40000 ALTER TABLE `classify` ENABLE KEYS */;
UNLOCK TABLES;

--
-- Table structure for table `orders`
--

DROP TABLE IF EXISTS `orders`;
/*!40101 SET @saved_cs_client     = @@character_set_client */;
/*!50503 SET character_set_client = utf8mb4 */;
CREATE TABLE `orders` (
  `id` int NOT NULL AUTO_INCREMENT,
  `user_id` int NOT NULL,
  `receiver` varchar(50) NOT NULL,
  `receiver_phone` varchar(10) NOT NULL,
  `order_date` datetime NOT NULL,
  `ship_address` varchar(255) NOT NULL,
  PRIMARY KEY (`id`)
) ENGINE=InnoDB AUTO_INCREMENT=60 DEFAULT CHARSET=utf8mb4 COLLATE=utf8mb4_0900_ai_ci;
/*!40101 SET character_set_client = @saved_cs_client */;

--
-- Dumping data for table `orders`
--

LOCK TABLES `orders` WRITE;
/*!40000 ALTER TABLE `orders` DISABLE KEYS */;
INSERT INTO `orders` VALUES (28,84,'khanh','0909090909','2020-01-20 14:49:20','371 NK'),(29,85,'khanh','0909090909','2020-03-04 14:49:47','371 NK'),(30,86,'khanh','0909090909','2020-02-10 13:23:23','371 NK'),(31,84,'khanh','0909090909','2020-04-07 13:23:23','371 NK'),(32,86,'khanh','0909090909','2020-05-27 13:23:23','371 NK'),(33,84,'khanh','0909090909','2020-06-23 13:23:23','371 NK'),(34,85,'khanh','0909090909','2020-07-08 13:23:23','371 NK'),(35,86,'khanh','0909090909','2020-12-17 13:23:23','371 NK'),(36,85,'khanh','0909090909','2020-08-06 13:23:23','371 NK'),(37,85,'khanh','0909090909','2020-09-12 13:23:23','371 NK'),(38,84,'khanh','0909090909','2020-10-14 13:23:23','371 NK'),(39,84,'khanh','0909090909','2020-11-12 13:23:23','371 NK'),(40,85,'khanh','0909090909','2019-01-09 13:23:23','371 NK'),(41,86,'khanh','0909090909','2019-11-12 13:23:23','371 NK'),(42,84,'khanh','0909090909','2019-12-12 13:23:23','371 NK'),(43,84,'khanh','0909090909','2019-10-12 13:23:23','371 NK'),(44,87,'khanh','0909090909','2019-08-12 13:23:23','371 NK'),(45,88,'khanh','0909090909','2019-07-12 13:23:23','371 NK'),(46,96,'khanh','0909090909','2020-11-12 13:23:23','371 NK'),(47,103,'khanh','0909090909','2020-11-01 13:23:23','371 NK'),(48,104,'khanh','0909090909','2020-11-02 13:23:23','371 NK'),(49,87,'khanh','0909090909','2020-10-12 13:23:23','371 NK'),(50,87,'khanh','0909090909','2020-11-08 13:23:23','371 NK'),(51,87,'khanh','0909090909','2020-11-08 13:23:23','371 NK'),(52,88,'khanh','0909090909','2020-11-08 13:23:23','371 NK'),(53,96,'khanh','0909090909','2020-11-08 13:23:23','371 NK'),(54,96,'khanh','0909090909','2020-11-08 13:23:23','371 NK'),(55,96,'khanh','0909090909','2020-11-08 13:23:23','371 NK'),(56,103,'khanh','0909090909','2020-11-09 12:40:23','Trần Não'),(57,104,'khanh','0909090909','2020-11-09 13:12:23','TRần Não'),(58,104,'khanh','0909090909','2020-11-10 01:06:12','371 NK'),(59,104,'khanh','0909090909','2020-11-10 01:12:12','371 NK');
/*!40000 ALTER TABLE `orders` ENABLE KEYS */;
UNLOCK TABLES;

--
-- Table structure for table `orders_details`
--

DROP TABLE IF EXISTS `orders_details`;
/*!40101 SET @saved_cs_client     = @@character_set_client */;
/*!50503 SET character_set_client = utf8mb4 */;
CREATE TABLE `orders_details` (
  `id` int NOT NULL AUTO_INCREMENT,
  `order_id` int NOT NULL,
  `product_id` int NOT NULL,
  `product_name` varchar(100) NOT NULL,
  `quantity` int NOT NULL,
  `price` double NOT NULL,
  PRIMARY KEY (`id`)
) ENGINE=InnoDB AUTO_INCREMENT=52 DEFAULT CHARSET=utf8mb4 COLLATE=utf8mb4_0900_ai_ci;
/*!40101 SET character_set_client = @saved_cs_client */;

--
-- Dumping data for table `orders_details`
--

LOCK TABLES `orders_details` WRITE;
/*!40000 ALTER TABLE `orders_details` DISABLE KEYS */;
INSERT INTO `orders_details` VALUES (17,28,12,'Nike Sportswear Swoosh',2,90),(18,29,12,'Nike Sportswear Swoosh',2,90),(19,30,15,'LeBron 17 MTAA',1,90),(20,31,15,'LeBron 17 MTAA',1,41),(21,32,22,'Nike Dri-FIT Blue Ribbon Sports',2,123),(22,33,12,'Nike Sportswear Swoosh',24,43),(23,34,15,'LeBron 17 MTAA',43,123),(24,35,15,'LeBron 17 MTAA',3,90),(25,36,22,'Nike Dri-FIT Blue Ribbon Sports',10,120),(26,37,12,'Nike Sportswear Swoosh',5,900),(27,38,15,'LeBron 17 MTAA',2,146),(28,39,15,'LeBron 17 MTAA',3,477),(29,40,22,'Nike Dri-FIT Blue Ribbon Sports',10,355),(30,28,12,'Nike Sportswear Swoosh',2,345),(31,28,18,'Nike Sportswear NSW',2,643),(32,41,27,'Jordan Poolside',2,234),(33,42,15,'LeBron 17 MTAA',3,853),(34,43,22,'Nike Dri-FIT Blue Ribbon Sports',6,234),(35,45,18,'Nike Sportswear NSW',2,753),(36,46,27,'Jordan Poolside',2,346),(37,47,15,'LeBron 17 MTAA',3,146),(38,48,22,'Nike Dri-FIT Blue Ribbon Sports',6,236),(39,44,12,'Nike Sportswear Swoosh',2,90),(40,49,12,'Nike Sportswear Swoosh',3,90),(41,50,18,'Nike Sportswear NSW',4,90),(42,51,27,'Jordan Poolside',5,90),(43,52,15,'LeBron 17 MTAA',7,90),(44,53,22,'Nike Dri-FIT Blue Ribbon Sports',8,90),(45,54,12,'Nike Sportswear Swoosh',9,1000),(46,55,18,'Nike Sportswear NSW',2,90),(47,56,22,'Nike Dri-FIT Blue Ribbon Sports',5,120),(48,57,12,'Nike Sportswear Swoosh',2,100),(49,58,22,'Nike Dri-FIT Blue Ribbon Sports',2,1000),(50,58,18,'Nike Sportswear NSW',3,120),(51,59,12,'Nike Sportswear Swoosh',4,200);
/*!40000 ALTER TABLE `orders_details` ENABLE KEYS */;
UNLOCK TABLES;

--
-- Table structure for table `products`
--

DROP TABLE IF EXISTS `products`;
/*!40101 SET @saved_cs_client     = @@character_set_client */;
/*!50503 SET character_set_client = utf8mb4 */;
CREATE TABLE `products` (
  `id` int NOT NULL AUTO_INCREMENT,
  `title` varchar(100) NOT NULL,
  `image` varchar(255) NOT NULL,
  `image_1` varchar(255) DEFAULT NULL,
  `image_2` varchar(255) DEFAULT NULL,
  `image_3` varchar(255) DEFAULT NULL,
  `description` varchar(500) NOT NULL,
  `price` double NOT NULL,
  `quantity` int NOT NULL,
  `another_CatName` varchar(50) DEFAULT NULL,
  `category_id` int NOT NULL,
  `classify_id` int NOT NULL,
  PRIMARY KEY (`id`),
  KEY `fk_products_has_categories_id` (`category_id`),
  KEY `fk_products_has_classify_id` (`classify_id`),
  KEY `category_id_idx` (`category_id`,`classify_id`)
) ENGINE=InnoDB AUTO_INCREMENT=83 DEFAULT CHARSET=utf8mb4 COLLATE=utf8mb4_0900_ai_ci;
/*!40101 SET character_set_client = @saved_cs_client */;

--
-- Dumping data for table `products`
--

LOCK TABLES `products` WRITE;
/*!40000 ALTER TABLE `products` DISABLE KEYS */;
INSERT INTO `products` VALUES (1,'Zoom Freak 2 Naij','https://static.nike.com/a/images/t_PDP_864_v1/f_auto,b_rgb:f5f5f5/0fd92b55-e68c-47c7-852b-2ae96fbf6d77/zoom-freak-2-naija-basketball-shoe-sjwP6J.jpg','https://static.nike.com/a/images/t_PDP_864_v1/f_auto,b_rgb:f5f5f5,q_80/aec8be5c-9447-42d7-bea8-e24ce7f187e0/zoom-freak-2-naija-basketball-shoe-sjwP6J.jpg','https://static.nike.com/a/images/t_PDP_864_v1/f_auto,b_rgb:f5f5f5,q_80/374c8228-1bd7-4db2-af0a-507450efdb8a/zoom-freak-2-naija-basketball-shoe-sjwP6J.jpg','https://static.nike.com/a/images/t_PDP_864_v1/f_auto,b_rgb:f5f5f5,q_80/92c6fecd-904c-487f-8fe1-2551a748168d/zoom-freak-2-naija-basketball-shoe-sjwP6J.jpg','The Zoom Freak 2 Naija nods to Nigeria—the homeland of Giannis\' parents—where soccer is a uniting force for boundless potential, youthful exuberance and infectious charisma. Giannis’ late father, Charles, bonded with his sons through the beautiful game.',130,10,'Basketball Shoe',1,1),(2,'Nike Joyride Dual Run','https://static.nike.com/a/images/t_PDP_864_v1/f_auto,b_rgb:f5f5f5/16b7e9ee-7253-4ad0-9515-3d1265867319/joyride-dual-run-mens-running-shoe-8BGXtk.jpg','https://static.nike.com/a/images/t_PDP_864_v1/f_auto,b_rgb:f5f5f5,q_80/ee06e796-f9b6-4724-aa3d-e5961217191c/joyride-dual-run-mens-running-shoe-8BGXtk.jpg','https://static.nike.com/a/images/t_PDP_864_v1/f_auto,b_rgb:f5f5f5,q_80/c25e1554-07a2-4f5f-914f-b3ac9ad84d25/joyride-dual-run-mens-running-shoe-8BGXtk.jpg','https://static.nike.com/a/images/t_PDP_864_v1/f_auto,b_rgb:f5f5f5,q_80/1fa3209b-c593-4eed-bc91-c1aa40d6665e/joyride-dual-run-mens-running-shoe-8BGXtk.jpg','The Nike Joyride Dual Run blazes its own route. Tiny foam beads underfoot combined with traditional cushioning in the forefoot give an incredibly smooth feel that conforms to your foot.',130,0,'Men\'s Running Shoe',1,1),(3,'Nike Air Zoom Pegasus','https://static.nike.com/a/images/t_PDP_864_v1/f_auto,b_rgb:f5f5f5/44297225-bf4c-4dbb-8e8b-a7377b22d05b/air-zoom-pegasus-37-mens-running-shoe-KLvDcj.jpg','https://static.nike.com/a/images/t_PDP_864_v1/f_auto,b_rgb:f5f5f5,q_80/ce6f78e2-2a81-4fe9-8e1e-a20f2a1197f9/air-zoom-pegasus-37-mens-running-shoe-KLvDcj.jpg','https://static.nike.com/a/images/t_PDP_864_v1/f_auto,b_rgb:f5f5f5,q_80/cc4d1cbc-571e-483f-93fc-a4666e683341/air-zoom-pegasus-37-mens-running-shoe-KLvDcj.jpg','https://static.nike.com/a/images/t_PDP_864_v1/f_auto,b_rgb:f5f5f5,q_80/0e4a33d5-a583-4d8d-9b62-e79961aebd51/air-zoom-pegasus-37-mens-running-shoe-KLvDcj.jpg','Reinvigorate your stride with the Nike Air Zoom Pegasus 37. Delivering the same fit and feel that runners love, the shoe has an all-new forefoot cushioning unit and foam for maximum responsiveness.',120,18,'Men\'s Running Shoes',1,1),(4,'Nike SB Bruin React T','https://static.nike.com/a/images/t_PDP_864_v1/f_auto,b_rgb:f5f5f5/7c525417-adf7-494a-84b7-bca3bf56e5e4/sb-bruin-react-t-skate-shoe-CQXCD3.jpg','https://static.nike.com/a/images/t_PDP_864_v1/f_auto,b_rgb:f5f5f5,q_80/a75e54d7-f20f-4f15-bd12-cad7c0174c0b/sb-bruin-react-t-skate-shoe-CQXCD3.jpg','https://static.nike.com/a/images/t_PDP_864_v1/f_auto,b_rgb:f5f5f5,q_80/f2dad362-c33c-4144-af8d-16b8a603eeda/sb-bruin-react-t-skate-shoe-CQXCD3.jpg','https://static.nike.com/a/images/t_PDP_864_v1/f_auto,b_rgb:f5f5f5,q_80/201e2e19-43bb-4a0a-b0a7-b04f184e178c/sb-bruin-react-t-skate-shoe-CQXCD3.jpg','Want a lightweight, flexible shoe you can ride in all day? Us, too. That\'s why we built the Nike SB Bruin React T. It\'s a durable low-top with springy, responsive Nike React foam—all in a skate-right design.',100,4,'Skate Shoe',1,1),(5,'Nike Zoom Fly 3','https://static.nike.com/a/images/f_auto,b_rgb:f5f5f5,w_440/5cf59b09-3072-4b8e-a4a9-5b5faae745fa/zoom-fly-3-mens-running-shoe-XhzpPH.jpg','https://static.nike.com/a/images/f_auto,b_rgb:f5f5f5,q_80,w_440/58a512bd-0833-4c89-8239-dc2fe7ab36b7/zoom-fly-3-mens-running-shoe-XhzpPH.jpg','https://static.nike.com/a/images/f_auto,b_rgb:f5f5f5,q_80,w_440/974a1b6a-dfb3-4c17-b883-4621dfd25d6a/zoom-fly-3-mens-running-shoe-XhzpPH.jpg','https://static.nike.com/a/images/f_auto,b_rgb:f5f5f5,q_80,w_440/026f1f35-abf7-45d5-b8bc-6b28a5241a2d/zoom-fly-3-mens-running-shoe-XhzpPH.jpg','Inspired by the Vaporfly, the Nike Zoom Fly 3 gives distance runners race-day comfort and durability. The power of a carbon fiber plate keeps you in the running mile after mile.',160,22,'Men\'s Running Shoes',1,1),(6,'LeBron 17 Low','https://static.nike.com/a/images/f_auto,b_rgb:f5f5f5,w_440/0b2ea20b-6da3-4948-8692-ac5ca5a4964f/lebron-17-low-basketball-shoe-fHcqqM.jpg','https://static.nike.com/a/images/f_auto,b_rgb:f5f5f5,q_80,w_440/5b40a745-da07-4084-9ecd-21be20eba1ed/lebron-17-low-basketball-shoe-fHcqqM.jpg','https://static.nike.com/a/images/f_auto,b_rgb:f5f5f5,q_80,w_440/f85bb096-a7fd-4c4c-bc00-ce56808ef27b/lebron-17-low-basketball-shoe-fHcqqM.jpg','https://static.nike.com/a/images/f_auto,b_rgb:f5f5f5,q_80,w_440/656eb099-29aa-4f1d-b0d6-7ecdd6349195/lebron-17-low-basketball-shoe-fHcqqM.jpg','Fine-tuned for LeBron\'s ferocious game, the LeBron 17 Low gives the King another sensation to add to his arsenal. The combined cushioning platform provides a balanced mix of impact absorption and responsiveness.',160,20,'Basketball Shoe',1,1),(7,'Nike SB Adversary','https://static.nike.com/a/images/f_auto,b_rgb:f5f5f5,w_440/i1-78a04448-9b14-4101-a7d5-042d295772a0/sb-adversary-skate-shoe-X5Dlbh.jpg','https://static.nike.com/a/images/f_auto,b_rgb:f5f5f5,q_80,w_440/i1-20e74822-fb2f-49aa-9ce9-19a736156a41/sb-adversary-skate-shoe-X5Dlbh.jpg','https://static.nike.com/a/images/f_auto,b_rgb:f5f5f5,q_80,w_440/i1-16feefb9-025e-44b4-94c1-6e098c5d2058/sb-adversary-skate-shoe-X5Dlbh.jpg','https://static.nike.com/a/images/f_auto,b_rgb:f5f5f5,q_80,w_440/i1-70ab8019-4824-443a-8b59-41e32f7a8c3f/sb-adversary-skate-shoe-X5Dlbh.jpg','The Nike SB Adversary takes you back to the basics. Suede and textile create a classic look that\'s inspired by the 1982 Nike Adversary, while a combination of traditional lacing and ghillie loops let you dial in the perfect fit.',80,17,'Skate Shoe',1,1),(8,'Nike Killshot OG SP\r\n','https://static.nike.com/a/images/f_auto,b_rgb:f5f5f5,w_440/3c144e28-b63a-453b-82a9-d75677bfae1f/killshot-og-sp-mens-shoe-t4btPQ.jpg','https://static.nike.com/a/images/f_auto,b_rgb:f5f5f5,q_80,w_440/587fdaa6-27dc-4527-996d-3f7792e75dc8/killshot-og-sp-mens-shoe-t4btPQ.jpg','https://static.nike.com/a/images/f_auto,b_rgb:f5f5f5,q_80,w_440/87a1a45c-53d2-48d2-af03-054ed50301ed/killshot-og-sp-mens-shoe-t4btPQ.jpg','https://static.nike.com/a/images/f_auto,b_rgb:f5f5f5,q_80,w_440/baf55fec-74c5-4154-bb21-49e554091391/killshot-og-sp-mens-shoe-t4btPQ.jpg','The original low-profile tennis shoe returns with the Nike Killshot OG SP. This 1-to-1 retro highlights a variety of throwback materials, like an upper combining layers of open mesh, foam, soft suede overlays. The open foam tongue and heritage sole add co',90,20,'Men\'s Shoe',1,1),(9,'Nike Air Zoom Terra','https://static.nike.com/a/images/f_auto,b_rgb:f5f5f5,w_440/d699601c-62f8-4b8c-9f02-36e92fa4ee73/air-zoom-terra-kiger-6-womens-trail-running-shoe-CnfDJ2.jpg','https://static.nike.com/a/images/f_auto,b_rgb:f5f5f5,q_80,w_440/7d1bf4c4-6883-4916-aa43-1ebe52c2b659/air-zoom-terra-kiger-6-womens-trail-running-shoe-CnfDJ2.jpg','https://static.nike.com/a/images/f_auto,b_rgb:f5f5f5,q_80,w_440/c92f8670-06e1-40ed-8a60-636ef53f89af/air-zoom-terra-kiger-6-womens-trail-running-shoe-CnfDJ2.jpg','https://static.nike.com/a/images/f_auto,b_rgb:f5f5f5,q_80,w_440/f9bd38f9-f495-4043-a0bd-85ecfc870b1d/air-zoom-terra-kiger-6-womens-trail-running-shoe-CnfDJ2.jpg','The Nike Air Zoom Terra Kiger 6 is built to take on wet and rocky trails. Lightweight in design, it features a sleeker look with a woven heel for a secure fit and feel.',130,20,'Women\'s Trail Running Shoe',1,2),(10,'Nike Vista Lite','https://static.nike.com/a/images/t_PDP_864_v1/f_auto,b_rgb:f5f5f5/52f48b71-967f-4f29-a9a4-a59b1dedf2a0/vista-lite-womens-shoe-f347DR.jpg','https://static.nike.com/a/images/f_auto,b_rgb:f5f5f5,q_80,w_440/3678b47a-4ef0-4196-81f1-167c7b59bc43/vista-lite-womens-shoe-f347DR.jpg','https://static.nike.com/a/images/f_auto,b_rgb:f5f5f5,q_80,w_440/6c4d946f-121b-48bb-8e0b-0c67e6ba0526/vista-lite-womens-shoe-f347DR.jpg','https://static.nike.com/a/images/f_auto,b_rgb:f5f5f5,q_80,w_440/89ae3fd6-cb09-48a9-8ba2-3a874e95b3fc/vista-lite-womens-shoe-f347DR.jpg','The Nike Vista Lite brings you to a bold new place. Using soft foam, this shoe provides comfort you can see in a brand new silhouette.',100,20,'Women\'s Shoe',1,2),(11,'Nike Air','https://static.nike.com/a/images/t_PDP_864_v1/f_auto,b_rgb:f5f5f5/i1-5a531ac4-f7a3-4db3-b947-d699e3770d7e/air-womens-2-in-1-running-shorts-wmP1Hx.jpg','https://static.nike.com/a/images/t_PDP_864_v1/f_auto,b_rgb:f5f5f5,q_80/i1-b2da44e9-edd4-46d6-8cff-34dd465fc911/air-womens-2-in-1-running-shorts-wmP1Hx.jpg','https://static.nike.com/a/images/t_PDP_864_v1/f_auto,b_rgb:f5f5f5,q_80/i1-11d9e727-97fc-4a2d-9cbe-ddc70c9a14ef/air-womens-2-in-1-running-shorts-wmP1Hx.jpg','https://static.nike.com/a/images/t_PDP_864_v1/f_auto,b_rgb:f5f5f5,q_80/i1-6e54ec9f-a71f-48f1-8ccb-0065f7e01098/air-womens-2-in-1-running-shorts-wmP1Hx.jpg','The Nike Air Shorts have a 2-in-1 design with a woven outer layer and a supportive inner liner for coverage on every mile.',40,20,'Women\'s 2-In-1 Running Shorts',3,5),(12,'Nike Sportswear Swoosh','https://static.nike.com/a/images/t_PDP_864_v1/f_auto,b_rgb:f5f5f5/e425b9bb-d388-475f-a646-a44ff62f10f1/sportswear-swoosh-mens-woven-jacket-zwnqMl.jpg','https://static.nike.com/a/images/t_PDP_864_v1/f_auto,b_rgb:f5f5f5,q_80/caff512d-ad85-4382-9637-68b74fb437ee/sportswear-swoosh-mens-woven-jacket-zwnqMl.jpg','https://static.nike.com/a/images/t_PDP_864_v1/f_auto,b_rgb:f5f5f5,q_80/c89ade37-fd6b-4225-b36f-6928ff50475c/sportswear-swoosh-mens-woven-jacket-zwnqMl.jpg','https://static.nike.com/a/images/t_PDP_864_v1/f_auto,b_rgb:f5f5f5,q_80/7b79ca71-4977-49d5-a2a8-1442a4ce16fe/sportswear-swoosh-mens-woven-jacket-zwnqMl.jpg','The Nike SportswearJ acket builds on the tried-and-true anorak silhouette. Contrasting color panels and big branding provide a Nike-only look that shows love for Swoosh.',130,20,'Men\'s Woven Jacket',2,1),(13,'Nike Dri-FIT Therma\r\n\r\n','https://c.static-nike.com/a/images/t_PDP_864_v1/f_auto,b_rgb:f5f5f5/m9vqjra6ssiud2hgpgpp/dri-fit-therma-mens-training-pants-xV5QHN.jpg','https://c.static-nike.com/a/images/t_PDP_864_v1/f_auto,b_rgb:f5f5f5,q_80/h9gk3bheznkj7fwirpcc/dri-fit-therma-mens-training-pants-xV5QHN.jpg','https://c.static-nike.com/a/images/t_PDP_864_v1/f_auto,b_rgb:f5f5f5,q_80/rwsctqlo4pvemrysmht7/dri-fit-therma-mens-training-pants-xV5QHN.jpg','https://c.static-nike.com/a/images/t_PDP_864_v1/f_auto,b_rgb:f5f5f5,q_80/zrkzftdubogr1xqfjvkw/dri-fit-therma-mens-training-pants-xV5QHN.jpg','The Nike Dri-FIT Therma Men\'s Training Pants are made with heat-managing fabric, so you can stay warm when the temperature drops during your workout.',55,50,'Men\'s Training Pants',3,1),(14,'Nike Sportswear RPM','https://static.nike.com/a/images/t_PDP_864_v1/f_auto,b_rgb:f5f5f5/i1-b27a940b-4922-49a1-bb08-65a0f68437df/sportswear-rpm-backpack-f6pVpb.jpg','https://static.nike.com/a/images/t_PDP_864_v1/f_auto,b_rgb:f5f5f5,q_80/i1-79ac4823-f448-48b9-a225-4651bd48d120/sportswear-rpm-backpack-f6pVpb.jpg','https://static.nike.com/a/images/t_PDP_864_v1/f_auto,b_rgb:f5f5f5,q_80/i1-9f360a92-5c40-4bfe-a357-4f1768ef3976/sportswear-rpm-backpack-f6pVpb.jpg','https://static.nike.com/a/images/t_PDP_864_v1/f_auto,b_rgb:f5f5f5,q_80/i1-04aed28f-a390-4fb0-acc7-55c6016db5c4/sportswear-rpm-backpack-f6pVpb.jpg','The Nike Sportswear RPM Backpack is made to hold it all. With a padded back for comfort and a versatile strap system, it\'s ideal for all your on-the-go needs.',90,50,'Backpack',4,1),(15,'LeBron 17 MTAA','https://static.nike.com/a/images/t_PDP_864_v1/f_auto,b_rgb:f5f5f5/26e4428a-9440-4715-bb36-75d839eed0ff/lebron-17-mtaa-basketball-shoe-qGM3Bv.jpg','https://static.nike.com/a/images/t_PDP_864_v1/f_auto,b_rgb:f5f5f5,q_80/ec15d7df-8ef5-4b6b-9f52-f615d256e913/lebron-17-mtaa-basketball-shoe-qGM3Bv.jpg','https://static.nike.com/a/images/t_PDP_864_v1/f_auto,b_rgb:f5f5f5,q_80/0aa2ac13-7fc1-49fa-a188-5d8584832568/lebron-17-mtaa-basketball-shoe-qGM3Bv.jpg','https://static.nike.com/a/images/t_PDP_864_v1/f_auto,b_rgb:f5f5f5,q_80/b72b96e2-add2-41b4-8abc-361e0ac2b6c6/lebron-17-mtaa-basketball-shoe-qGM3Bv.jpg','\"More Than An Athlete\" represents the ethos of Uninterrupted and the unfiltered, authentic voices of athletes everywhere. The phrase is a core belief and a constant rallying cry for athletes who aim to impact the game and extend beyond the lines of their respective sport. The LeBron 17 MTAA takes the silhouette to a new space with customizable elements that give you the tools to express your story and celebrate your journey. You are more than.',97.97,50,'Basketball Shoe',1,2),(16,'Nike ACG','https://static.nike.com/a/images/t_PDP_864_v1/f_auto,b_rgb:f5f5f5/3f4129e3-6b76-4774-9cc5-e02a909692b8/acg-logo-t-shirt-FZ8Dsb.jpg','https://static.nike.com/a/images/t_PDP_864_v1/f_auto,b_rgb:f5f5f5,q_80/403ad04f-4885-40b6-9ae5-44857cb59524/acg-logo-t-shirt-FZ8Dsb.jpg','https://static.nike.com/a/images/t_PDP_864_v1/f_auto,b_rgb:f5f5f5,q_80/167822dd-7626-4bad-be66-9aceaac5885b/acg-logo-t-shirt-FZ8Dsb.jpg','https://static.nike.com/a/images/t_PDP_864_v1/f_auto,b_rgb:f5f5f5,q_80/5f49cde4-a76d-4c07-9279-51ee8a02802f/acg-logo-t-shirt-FZ8Dsb.jpg','Durable comfort. Rock-solid stitching. Classic style. The Nike ACG T-Shirt is a must-have staple that’s anything but ordinary.',40,49,'Logo T-Shirt',2,1),(17,'Giannis Swoosh Freak','https://static.nike.com/a/images/t_PDP_864_v1/f_auto,b_rgb:f5f5f5/ce7bf236-ae9b-4bd1-98ee-c8b8b997ce38/giannis-swoosh-freak-mens-dri-fit-t-shirt-4RtcWf.jpg','https://static.nike.com/a/images/t_PDP_864_v1/f_auto,b_rgb:f5f5f5,q_80/9d45dc1e-dabc-4258-ac8a-5e1d76d6904a/giannis-swoosh-freak-mens-dri-fit-t-shirt-4RtcWf.jpg','https://static.nike.com/a/images/t_PDP_864_v1/f_auto,b_rgb:f5f5f5,q_80/b5f09f86-1e97-4fe0-8c4e-06afd14d5d39/giannis-swoosh-freak-mens-dri-fit-t-shirt-4RtcWf.jpg','https://static.nike.com/a/images/t_PDP_864_v1/f_auto,b_rgb:f5f5f5,q_80/cbd1de72-23a6-4d30-9bdf-7421b35766a8/giannis-swoosh-freak-mens-dri-fit-t-shirt-4RtcWf.jpg','Get fluent in Freakish in this season\'s Giannis Swoosh Freak T-Shirt from Nike Basketball. It\'s made from soft, lightweight fabric with printed graphics honoring the MVP.',35,50,'Men\'s Nike Dri-FIT T-Shirt',2,1),(18,'Nike Sportswear NSW','https://static.nike.com/a/images/t_PDP_864_v1/f_auto,b_rgb:f5f5f5/be49c84e-716a-44c4-b5b9-33ce26e2ac3b/sportswear-nsw-mens-pullover-hoodie-knslnv.jpg','https://static.nike.com/a/images/t_PDP_864_v1/f_auto,b_rgb:f5f5f5,q_80/e1e4c9a5-9444-42eb-bef6-3d609b383e93/sportswear-nsw-mens-pullover-hoodie-knslnv.jpg','https://static.nike.com/a/images/t_PDP_864_v1/f_auto,b_rgb:f5f5f5,q_80/715f711d-0cfa-4ea7-b9bb-3b67bc4d7456/sportswear-nsw-mens-pullover-hoodie-knslnv.jpg','https://static.nike.com/a/images/t_PDP_864_v1/f_auto,b_rgb:f5f5f5,q_80/b9dbeac7-7230-4352-83f0-7d93d1e7acbf/sportswear-nsw-mens-pullover-hoodie-knslnv.jpg','Woven ripstop details at the hood and zippered sleeve pocket give the Nike Sportswear Pullover Hoodie a premium look ready for everyday wear. The chest graphic uses the reverse side of the fleece, adding a unique look and texture to this updated favorite.',100,50,'Men\'s Pullover Hoodie',2,1),(19,'Nike Dri-FIT Rise 365 Wild Run','https://static.nike.com/a/images/t_PDP_864_v1/f_auto,b_rgb:f5f5f5/16d620f5-ada3-4758-955e-37bd4eb1626a/dri-fit-rise-365-wild-run-mens-running-tank-14bFZz.jpg','https://static.nike.com/a/images/t_PDP_864_v1/f_auto,b_rgb:f5f5f5,q_80/688255c6-f7b9-4274-b709-622c67c7c4ef/dri-fit-rise-365-wild-run-mens-running-tank-14bFZz.jpg','https://static.nike.com/a/images/t_PDP_864_v1/f_auto,b_rgb:f5f5f5,q_80/fb862592-79a7-4af2-b68a-b413809887a7/dri-fit-rise-365-wild-run-mens-running-tank-14bFZz.jpg','https://static.nike.com/a/images/t_PDP_864_v1/f_auto,b_rgb:f5f5f5,q_80/51cd892e-be45-42d5-bf59-56ea0148bef3/dri-fit-rise-365-wild-run-mens-running-tank-14bFZz.jpg','The Nike Dri-FIT Rise 365 Wild Run Tank delivers versatile performance for everyday running. Designed for lightweight mobility, the top features a soft feel with increased ventilation where you need it most.',50,50,'Men\'s Running Tank',2,1),(20,'Nike Exploration Series','https://static.nike.com/a/images/t_PDP_864_v1/f_auto,b_rgb:f5f5f5/89c2ec1a-282d-457b-b335-c69b82efdd85/exploration-series-mens-basketball-t-shirt-Q9PvqM.jpg','https://static.nike.com/a/images/t_PDP_864_v1/f_auto,b_rgb:f5f5f5,q_80/75eeb575-ad90-43bd-8c75-483264b8825d/exploration-series-mens-basketball-t-shirt-Q9PvqM.jpg','https://static.nike.com/a/images/t_PDP_864_v1/f_auto,b_rgb:f5f5f5,q_80/52c88e91-6d53-4e0c-891c-766a0a44f82f/exploration-series-mens-basketball-t-shirt-Q9PvqM.jpg','https://static.nike.com/a/images/t_PDP_864_v1/f_auto,b_rgb:f5f5f5,q_80/d61c8340-ef6d-4b52-b59c-e872baea9ff5/exploration-series-mens-basketball-t-shirt-Q9PvqM.jpg','Inspired by warmups from \'92, the Nike Exploration Series T-Shirt features traditional tie-dye on structured, midweight cotton with a slightly boxy fit.',40,50,'Men\'s Basketball T-Shirt',2,1),(21,'Nike','https://static.nike.com/a/images/t_PDP_864_v1/f_auto,b_rgb:f5f5f5/i1-54913663-344c-4e8e-bfb0-4fe67f181058/mens-short-sleeve-training-top-F7vLS5.jpg','https://static.nike.com/a/images/t_PDP_864_v1/f_auto,b_rgb:f5f5f5,q_80/i1-58fc486d-501a-464b-9224-cfe1b08d0834/mens-short-sleeve-training-top-F7vLS5.jpg','https://static.nike.com/a/images/t_PDP_864_v1/f_auto,b_rgb:f5f5f5,q_80/i1-25a607c6-5363-4f4f-9404-c4c7e73a5dec/mens-short-sleeve-training-top-F7vLS5.jpg','https://static.nike.com/a/images/t_PDP_864_v1/f_auto,b_rgb:f5f5f5,q_80/i1-b8ac8326-391c-4d2e-b700-87895f488405/mens-short-sleeve-training-top-F7vLS5.jpg','The Nike Top is made with soft, sweat-wicking fabric to help keep you dry while you train. The front has a soft cotton feel with a little bit of stretch, and the back is made of lightweight mesh.',40,50,'Men\'s Short-Sleeve Training Top',2,1),(22,'Nike Dri-FIT Blue Ribbon Sports','https://static.nike.com/a/images/t_PDP_864_v1/f_auto,b_rgb:f5f5f5/i1-08e0cc75-08fe-401b-b807-803f04c7333e/dri-fit-blue-ribbon-sports-running-t-shirt-g1TbQw.jpg','https://static.nike.com/a/images/t_PDP_864_v1/f_auto,b_rgb:f5f5f5,q_80/i1-59fd1804-70a2-4d72-af70-f7a29a351f48/dri-fit-blue-ribbon-sports-running-t-shirt-g1TbQw.jpg','https://static.nike.com/a/images/t_PDP_864_v1/f_auto,b_rgb:f5f5f5,q_80/i1-f1796a11-98a3-4751-bcd1-d0817cfca723/dri-fit-blue-ribbon-sports-running-t-shirt-g1TbQw.jpg','https://static.nike.com/a/images/t_PDP_864_v1/f_auto,b_rgb:f5f5f5,q_80/i1-c0518ddb-652c-40c9-abb8-f6bbd22b7e67/dri-fit-blue-ribbon-sports-running-t-shirt-g1TbQw.jpg','The Nike Dri-FIT Blue Ribbon Sports T-Shirt delivers a soft feel with sweat-wicking technology for everyday wear. Vintage graphics pay tribute to Nike\'s original name.',30,50,'Running T-Shirt',2,1),(23,'Nike Sportswear JDI','https://static.nike.com/a/images/t_PDP_864_v1/f_auto,b_rgb:f5f5f5/u1zdvupiwoyyilv7pohm/sportswear-jdi-mens-t-shirt-s23bM6.jpg','https://static.nike.com/a/images/t_PDP_864_v1/f_auto,b_rgb:f5f5f5,q_80/zsdvaevg6go9seqbb3fq/sportswear-jdi-mens-t-shirt-s23bM6.jpg','https://static.nike.com/a/images/t_PDP_864_v1/f_auto,b_rgb:f5f5f5,q_80/v4h4sqhe5hjnfscarmur/sportswear-jdi-mens-t-shirt-s23bM6.jpg','https://static.nike.com/a/images/t_PDP_864_v1/f_auto,b_rgb:f5f5f5,q_80/ane529ezmeamshzmtl31/sportswear-jdi-mens-t-shirt-s23bM6.jpg','The Nike Sportswear JDI T-Shirt sets you up with soft jersey fabric and a \"Just Do It.\" logo across the chest.',25,50,'Men\'s T-Shirt',2,1),(24,'Nike AeroSwift','https://static.nike.com/a/images/t_PDP_864_v1/f_auto,b_rgb:f5f5f5/i1-df793aff-ee3e-429d-890b-6f086f9f89bf/aeroswift-mens-running-singlet-ZGB2Gt.jpg','https://static.nike.com/a/images/t_PDP_864_v1/f_auto,b_rgb:f5f5f5,q_80/i1-cd75f716-a7d6-4a8f-a054-0513b6ea44e5/aeroswift-mens-running-singlet-ZGB2Gt.jpg','https://static.nike.com/a/images/t_PDP_864_v1/f_auto,b_rgb:f5f5f5,q_80/i1-33bb267c-4146-49a1-984f-f80a02032044/aeroswift-mens-running-singlet-ZGB2Gt.jpg','https://static.nike.com/a/images/t_PDP_864_v1/f_auto,b_rgb:f5f5f5,q_80/i1-2e2b29ca-6383-4a1b-a880-f4423ec4475c/aeroswift-mens-running-singlet-ZGB2Gt.jpg','The Nike AeroSwift Singlet delivers lightweight mobility for your race. Its innovative, runner-informed design keeps you cool as your route heats up. This product is made with at least 75% recycled polyester.',70,50,'Men\'s Running Singlet',2,1),(25,'Jordan Brand','https://static.nike.com/a/images/t_PDP_864_v1/f_auto,b_rgb:f5f5f5/ad2044e3-d9f8-43f4-b3cb-508f25ba914a/jordan-brand-mens-short-sleeve-graphic-crew-vbhZn2.jpg','https://static.nike.com/a/images/t_PDP_864_v1/f_auto,b_rgb:f5f5f5,q_80/ae701155-1e83-41ec-ae7b-131aa018d0ef/jordan-brand-mens-short-sleeve-graphic-crew-vbhZn2.jpg','https://static.nike.com/a/images/t_PDP_864_v1/f_auto,b_rgb:f5f5f5,q_80/af238d6c-958c-4c69-81ff-1b10575ba101/jordan-brand-mens-short-sleeve-graphic-crew-vbhZn2.jpg','https://static.nike.com/a/images/t_PDP_864_v1/f_auto,b_rgb:f5f5f5,q_80/e7819b7d-a0c7-456d-b0ef-1aff2a305943/jordan-brand-mens-short-sleeve-graphic-crew-vbhZn2.jpg','Take off in the Jordan Brand Crew, a soft T-shirt with a whimsical AJ1 graphic.',35,50,'Men\'s Short-Sleeve Graphic Crew',2,1),(26,'Nike Dri-FIT','https://static.nike.com/a/images/t_PDP_864_v1/f_auto,b_rgb:f5f5f5/i1-51b67778-1e86-4ca4-9b0e-a422f461eadc/dri-fit-mens-training-tank-8Lqd61.jpg','https://static.nike.com/a/images/t_PDP_864_v1/f_auto,b_rgb:f5f5f5,q_80/i1-caf73465-b87c-4a5b-9618-eb118a3e5567/dri-fit-mens-training-tank-8Lqd61.jpg','https://static.nike.com/a/images/t_PDP_864_v1/f_auto,b_rgb:f5f5f5,q_80/i1-712e302e-1388-4f4d-99ee-895462a653d2/dri-fit-mens-training-tank-8Lqd61.jpg','https://static.nike.com/a/images/t_PDP_864_v1/f_auto,b_rgb:f5f5f5,q_80/i1-552488eb-f6ab-4889-8254-b5c35753219e/dri-fit-mens-training-tank-8Lqd61.jpg','The Nike Dri-FIT Tank is made with soft, sweat-wicking fabric in a sleeveless profile to help keep you comfortable and moving freely through your workout.',25,50,' Nike Dri-FIT',2,1),(27,'Jordan Poolside','https://static.nike.com/a/images/t_PDP_864_v1/f_auto,b_rgb:f5f5f5/i1-e2befe16-772b-473e-bd21-e8483de9ce39/jordan-poolside-mens-t-shirt-xwP8pV.jpg','https://static.nike.com/a/images/t_PDP_864_v1/f_auto,b_rgb:f5f5f5,q_80/i1-cb684299-81b6-45e0-9d34-9b6a2ca0a786/jordan-poolside-mens-t-shirt-xwP8pV.jpg','https://static.nike.com/a/images/t_PDP_864_v1/f_auto,b_rgb:f5f5f5,q_80/i1-eb8c86d3-aa13-4302-bd12-0854520b8b96/jordan-poolside-mens-t-shirt-xwP8pV.jpg','https://static.nike.com/a/images/t_PDP_864_v1/f_auto,b_rgb:f5f5f5,q_80/i1-ab0848b8-c1c5-41b4-9116-e6eeb0f97b47/jordan-poolside-mens-t-shirt-xwP8pV.jpg','The Jordan Poolside T-Shirt is made from soft cotton fabric and features a fresh graphic play on the iconic Jumpman design.',35,50,'Men\'s T-Shirt',2,1),(28,'Nike Dri-FIT Elite','https://static.nike.com/a/images/t_PDP_864_v1/f_auto,b_rgb:f5f5f5/8d3e2fcf-404d-4ead-84f7-0f8176621718/dri-fit-elite-mens-basketball-t-shirt-s9XS2K.jpg','https://static.nike.com/a/images/t_PDP_864_v1/f_auto,b_rgb:f5f5f5,q_80/6f0477e5-4c5a-4d36-993e-4dbf7187e8b0/dri-fit-elite-mens-basketball-t-shirt-s9XS2K.jpg','https://static.nike.com/a/images/t_PDP_864_v1/f_auto,b_rgb:f5f5f5,q_80/4e1fb2f2-33a6-4289-85c0-9775b7b9fe1d/dri-fit-elite-mens-basketball-t-shirt-s9XS2K.jpg','https://static.nike.com/a/images/t_PDP_864_v1/f_auto,b_rgb:f5f5f5,q_80/081ae2ce-33ac-4ee8-9e1b-9df8aab4eb54/dri-fit-elite-mens-basketball-t-shirt-s9XS2K.jpg','The Nike Dri-FIT Elite T-Shirt is made with lightweight, sweat-wicking fabric. A floral graphic is inspired by the bouquets champion athletes receive on the medal stand.',25,50,'Men\'s Basketball T-Shirt',2,1),(29,'Nike Sportswear Tech Fleece','https://static.nike.com/a/images/t_PDP_864_v1/f_auto,b_rgb:f5f5f5/0d91d3d2-b313-44a1-a769-9e908598e0a1/sportswear-tech-fleece-mens-shorts-8sXggV.jpg','https://static.nike.com/a/images/t_PDP_864_v1/f_auto,b_rgb:f5f5f5,q_80/0b8aa393-250f-4f52-95cf-e3df6b729cb4/sportswear-tech-fleece-mens-shorts-8sXggV.jpg','https://static.nike.com/a/images/t_PDP_864_v1/f_auto,b_rgb:f5f5f5,q_80/5dab31eb-3e99-4a79-91b8-6c1427a4a8a0/sportswear-tech-fleece-mens-shorts-8sXggV.jpg','https://static.nike.com/a/images/t_PDP_864_v1/f_auto,b_rgb:f5f5f5,q_80/7d9e8293-aeaa-4fdc-ac31-18879134538f/sportswear-tech-fleece-mens-shorts-8sXggV.jpg','The Nike Sportswear Tech Fleece Shorts are made with double-sided spacer fleece engineered to maximize warmth without adding extra weight or bulk to your look. Side seam pockets provide quick storage, while an elastic drawstring waist lets you adjust the ',75,50,'Men\'s Shorts',3,1),(30,'Nike Sportswear','https://static.nike.com/a/images/t_PDP_864_v1/f_auto,b_rgb:f5f5f5/b07185ab-7f40-4692-ae74-e47a1fc4d1a0/sportswear-mens-joggers-mfNvHK.jpg','https://static.nike.com/a/images/t_PDP_864_v1/f_auto,b_rgb:f5f5f5,q_80/ec17967c-7736-4c04-b742-3f4d1373fd3c/sportswear-mens-joggers-mfNvHK.jpg','https://static.nike.com/a/images/t_PDP_864_v1/f_auto,b_rgb:f5f5f5,q_80/d80fe9c0-3450-42f2-969f-71e64d5b5013/sportswear-mens-joggers-mfNvHK.jpg','https://static.nike.com/a/images/t_PDP_864_v1/f_auto,b_rgb:f5f5f5,q_80/927b6043-f97a-4994-9098-402620ea0345/sportswear-mens-joggers-mfNvHK.jpg','Made from a soft, stretchy knit, the Nike Sportswear Joggers will keep you comfortable and covered all day long. Ribbed cuffs and tech-inspired details elevate this everyday look.',110,50,'Men\'s Joggers',3,1),(31,'Nike Sportswear','https://static.nike.com/a/images/t_PDP_864_v1/f_auto,b_rgb:f5f5f5/31c187f3-3860-44d9-93b2-bd71d8bb814c/sportswear-mens-woven-shorts-VFft3H.jpg','https://static.nike.com/a/images/t_PDP_864_v1/f_auto,b_rgb:f5f5f5,q_80/83b2d3e7-4159-45c5-8d03-ac911ad0e2b4/sportswear-mens-woven-shorts-VFft3H.jpg','https://static.nike.com/a/images/t_PDP_864_v1/f_auto,b_rgb:f5f5f5,q_80/65ab3c86-ea96-48be-88f8-c3ba0b7349c9/sportswear-mens-woven-shorts-VFft3H.jpg','https://static.nike.com/a/images/t_PDP_864_v1/f_auto,b_rgb:f5f5f5,q_80/d4a6039c-b816-4498-ae0a-c6a00063d787/sportswear-mens-woven-shorts-VFft3H.jpg','The Nike Sportswear Shorts have a breathable mesh lining and lightweight woven fabric. The back pocket has a drainage grommet ideal for days spent in or out of the water.',45,50,'Men\'s Woven Shorts',3,1),(32,'Nike Sportswear City Edition','https://static.nike.com/a/images/t_PDP_864_v1/f_auto,b_rgb:f5f5f5/59efa39d-ea14-41c0-b18f-dfd97a6376f6/sportswear-city-edition-mens-woven-shorts-mTgTN6.jpg','https://static.nike.com/a/images/t_PDP_864_v1/f_auto,b_rgb:f5f5f5,q_80/39f7d39b-982a-4972-aa88-b162ac663fe2/sportswear-city-edition-mens-woven-shorts-mTgTN6.jpg','https://static.nike.com/a/images/t_PDP_864_v1/f_auto,b_rgb:f5f5f5,q_80/ea7b94d0-f1e2-4309-8bac-8971a8478e9b/sportswear-city-edition-mens-woven-shorts-mTgTN6.jpg','https://static.nike.com/a/images/t_PDP_864_v1/f_auto,b_rgb:f5f5f5,q_80/59948812-cb23-438e-8950-225e1c8679c2/sportswear-city-edition-mens-woven-shorts-mTgTN6.jpg','Featuring a tonal color-block design, the Nike Sportswear Shorts give you a classic look with simple, street-ready style. Crafted from a lightweight woven fabric and soft mesh lining.',50,50,'Men\'s Woven Shorts',3,1),(33,'Nike Flex Stride Future Fast','https://static.nike.com/a/images/t_PDP_864_v1/f_auto,b_rgb:f5f5f5/i1-8b9c56ab-b1b4-4ed1-9b80-efa6f36dc041/flex-stride-future-fast-mens-5-brief-lined-running-shorts-jz7V3S.jpg','https://static.nike.com/a/images/t_PDP_864_v1/f_auto,b_rgb:f5f5f5,q_80/i1-60876f00-c8e7-452c-b524-ec7039ec9cde/flex-stride-future-fast-mens-5-brief-lined-running-shorts-jz7V3S.jpg','https://static.nike.com/a/images/t_PDP_864_v1/f_auto,b_rgb:f5f5f5,q_80/i1-10a24b76-fba4-49c9-a196-cf5cf8a7b942/flex-stride-future-fast-mens-5-brief-lined-running-shorts-jz7V3S.jpg','https://static.nike.com/a/images/t_PDP_864_v1/f_auto,b_rgb:f5f5f5,q_80/i1-3993a86c-7efb-4452-931e-ca7300deebe8/flex-stride-future-fast-mens-5-brief-lined-running-shorts-jz7V3S.jpg','The Nike Flex Stride Future Fast Shorts get updated with an all-new woven fabric and enhanced breathability at the back. Their soft liner provides support and helps you moving freely through your stride. This product is made with at least 50% recycled pol',50,50,'Men\'s 5\" Brief-Lined Running Shorts',3,1),(34,'Nike Sportswear Club','https://static.nike.com/a/images/t_PDP_864_v1/f_auto,b_rgb:f5f5f5,q_80/4f7f0de1-c66c-4f19-bd75-bfa6558f62ae/sportswear-club-mens-graphic-shorts-hQgvng.jpg','https://static.nike.com/a/images/t_PDP_864_v1/f_auto,b_rgb:f5f5f5,q_80/1a6c2f11-08e8-4ba0-ae73-638517e69a0a/sportswear-club-mens-graphic-shorts-hQgvng.jpg','https://static.nike.com/a/images/t_PDP_864_v1/f_auto,b_rgb:f5f5f5/be1d64ad-4773-41ed-951e-86e13e6715b6/sportswear-club-mens-graphic-shorts-hQgvng.jpg','https://static.nike.com/a/images/t_PDP_864_v1/f_auto,b_rgb:f5f5f5,q_80/e7229a38-9fa0-45c5-a956-d811c3e8d38b/sportswear-club-mens-graphic-shorts-hQgvng.jpg','The Nike Sportswear Club Shorts blend classic comfort with a bold graphic for street-ready style. Crafted from soft fleece, they\'ve got you covered for all-day wear.',35,50,'Men\'s Graphic Shorts',3,1),(35,'Nike Blue Ribbon Sports','https://static.nike.com/a/images/t_PDP_864_v1/f_auto,b_rgb:f5f5f5/i1-99359df7-f2d2-4ff9-ad33-299b39fec12b/blue-ribbon-sports-running-pants-BrmlXm.jpg','https://static.nike.com/a/images/t_PDP_864_v1/f_auto,b_rgb:f5f5f5,q_80/i1-d64f9e3f-9da5-4f37-b466-d2fa49c27748/blue-ribbon-sports-running-pants-BrmlXm.jpg','https://static.nike.com/a/images/t_PDP_864_v1/f_auto,b_rgb:f5f5f5,q_80/i1-497dc8b7-6cf8-401c-8791-775ff1a0edfd/blue-ribbon-sports-running-pants-BrmlXm.jpg','https://static.nike.com/a/images/t_PDP_864_v1/f_auto,b_rgb:f5f5f5,q_80/i1-c8bc1257-e291-4ce3-b7d3-14cea668915a/blue-ribbon-sports-running-pants-BrmlXm.jpg','With a standard fit above the knee and a slimmer fit below, the Nike Pants are your go-to for soft, tapered comfort. The lightweight design adds 4-way stretch for flexibility in motion.',100,50,'Running Pants',3,1),(36,'Nike Flex Stride Blue Ribbon Sports','https://static.nike.com/a/images/t_PDP_864_v1/f_auto,b_rgb:f5f5f5/i1-4ed4ae48-f1c3-4513-8b36-c0c5fabbb0d3/flex-stride-blue-ribbon-sports-mens-5-brief-lined-running-shorts-d8J3Lx.jpg','https://static.nike.com/a/images/t_PDP_864_v1/f_auto,b_rgb:f5f5f5,q_80/i1-79336d3a-921e-4b6b-ab72-88aa5453dc08/flex-stride-blue-ribbon-sports-mens-5-brief-lined-running-shorts-d8J3Lx.jpg','https://static.nike.com/a/images/t_PDP_864_v1/f_auto,b_rgb:f5f5f5,q_80/i1-da5a9feb-a069-4250-8d10-71d561457e87/flex-stride-blue-ribbon-sports-mens-5-brief-lined-running-shorts-d8J3Lx.jpg','https://static.nike.com/a/images/t_PDP_864_v1/f_auto,b_rgb:f5f5f5,q_80/i1-529f34fa-d7de-4cff-b50d-dab782e86e51/flex-stride-blue-ribbon-sports-mens-5-brief-lined-running-shorts-d8J3Lx.jpg','The Nike Flex Stride Shorts are updated with an all-new woven fabric and enhanced breathability in high-sweat areas. Their soft brief liner provides secure support where you need it.',55,50,'Men\'s 5\" Brief-Lined Running Shorts',3,1),(37,'Nike Hayward 2.0','https://static.nike.com/a/images/t_PDP_864_v1/f_auto,b_rgb:f5f5f5,q_80/vk9u95smtz3h5isek93r/hayward-2-backpack-f2CmBL.jpg','https://static.nike.com/a/images/t_PDP_864_v1/f_auto,b_rgb:f5f5f5,q_80/hkvre0hpgssnrdflqiuq/hayward-2-backpack-f2CmBL.jpg','https://static.nike.com/a/images/t_PDP_864_v1/f_auto,b_rgb:f5f5f5/i0ij9cfywnihwxlze2bu/hayward-2-backpack-f2CmBL.jpg','https://static.nike.com/a/images/t_PDP_864_v1/f_auto,b_rgb:f5f5f5,q_80/ggptywqnygatvznc0chh/hayward-2-backpack-f2CmBL.jpg','The Nike Hayward 2.0 Backpack updates an old favorite with plenty of room for your gear. The durable shell features a new graphic along with additional pockets for extra small-item storage.',55,49,'Backpack',4,1),(38,'Nike SB RPM','https://static.nike.com/a/images/t_PDP_864_v1/f_auto,b_rgb:f5f5f5/i1-ba90348d-9194-4d48-b0d7-21d50fac3ba5/sb-rpm-skateboarding-backpack-bqK1B1.jpg','https://static.nike.com/a/images/t_PDP_864_v1/f_auto,b_rgb:f5f5f5,q_80/i1-ecbe65ed-40a3-4f65-a2e0-8e25911eba1e/sb-rpm-skateboarding-backpack-bqK1B1.jpg','https://static.nike.com/a/images/t_PDP_864_v1/f_auto,b_rgb:f5f5f5,q_80/i1-3671c61a-fe95-4392-bdf7-d8a9c61beeef/sb-rpm-skateboarding-backpack-bqK1B1.jpg','https://static.nike.com/a/images/t_PDP_864_v1/f_auto,b_rgb:f5f5f5,q_80/i1-5b858813-f1b3-4ddf-ad6d-e1cbc3760854/sb-rpm-skateboarding-backpack-bqK1B1.jpg','The water-resistant Nike SB RPM Skateboarding Backpack offers a spot for all your gear, including your skateboard and your laptop.',90,50,'Skateboarding Backpack',4,1),(39,'Nike SB Heritage','https://static.nike.com/a/images/t_PDP_864_v1/f_auto,b_rgb:f5f5f5/i1-02d22a84-91a9-463c-935a-ce4b03476a18/sb-heritage-printed-skate-hip-pack-Mq0M3G.jpg','https://static.nike.com/a/images/t_PDP_864_v1/f_auto,b_rgb:f5f5f5,q_80/i1-352ef3a4-1938-4ac9-b30f-69721673336e/sb-heritage-printed-skate-hip-pack-Mq0M3G.jpg','https://static.nike.com/a/images/t_PDP_864_v1/f_auto,b_rgb:f5f5f5,q_80/i1-fcd77c46-6381-4825-bd0f-cf576569e26a/sb-heritage-printed-skate-hip-pack-Mq0M3G.jpg','https://static.nike.com/a/images/t_PDP_864_v1/f_auto,b_rgb:f5f5f5,q_80/i1-4c1d60b3-9873-4200-91ef-2fe6d7a673f9/sb-heritage-printed-skate-hip-pack-Mq0M3G.jpg','The Nike SB Heritage Hip Pack lets you easily access and carry your gear. A tropical print puts a vacation-ready spin on this essential accessory.',25,50,'Printed Skate Hip Pack',4,1),(40,'Nike Everyday Cushioned','https://c.static-nike.com/a/images/t_PDP_1728_v1/f_auto,b_rgb:f5f5f5/ygehlazqqmoof5q0vycv/everyday-cushioned-training-crew-socks-3-pairs-3wbzKz.jpg','','https://c.static-nike.com/a/images/t_PDP_1728_v1/f_auto,b_rgb:f5f5f5,q_80/a3kuouq2pkeb9u7ku1fc/everyday-cushioned-training-crew-socks-3-pairs-3wbzKz.jpg',NULL,'Power through your workout with the Nike Everyday Cushioned Socks. The thick terry sole gives you extra comfort for footdrills and lifts, while a ribbed arch band wraps your midfoot for a supportive feel.',14,50,'Training Crew Socks (3 Pairs)',4,1),(41,'Nike Squad','https://static.nike.com/a/images/t_PDP_1728_v1/f_auto,b_rgb:f5f5f5/9b0636c3-ca5c-4b95-a09f-5f606f84932a/squad-crew-socks-VCwLjR.jpg',NULL,'https://static.nike.com/a/images/t_PDP_1728_v1/f_auto,b_rgb:f5f5f5,q_80/c5e229d3-e58b-48a6-b781-5b6df169f5e7/squad-crew-socks-VCwLjR.jpg',NULL,'The Nike Squad Crew Socks combine sweat-wicking fabric with targeted cushioning for high-performance comfort during competition.',14,50,'Crew Socks',4,1),(42,'Air Jordan','https://static.nike.com/a/images/t_PDP_864_v1/f_auto,b_rgb:f5f5f5/i1-58b09a1a-8bc9-4b38-94a4-0f9de2f2e7d4/air-jordan-hip-pack-small-6N70S1.jpg','https://static.nike.com/a/images/t_PDP_864_v1/f_auto,b_rgb:f5f5f5,q_80/i1-ec5315a4-d131-4f13-b7d0-bfd76f368e81/air-jordan-hip-pack-small-6N70S1.jpg','https://static.nike.com/a/images/t_PDP_864_v1/f_auto,b_rgb:f5f5f5,q_80/i1-fc53a7e5-42ec-4a0f-b1f9-ed87e91ccc69/air-jordan-hip-pack-small-6N70S1.jpg','https://static.nike.com/a/images/t_PDP_864_v1/f_auto,b_rgb:f5f5f5,q_80/i1-167fb69c-2e23-471f-bbcc-b6dc2e9d149f/air-jordan-hip-pack-small-6N70S1.jpg','The Air Jordan Pack has enough space for a smartphone and an extra sleeve for the rest of your belongings.',30,50,'Hip Pack (Small)',4,1),(43,'Nike Dri-FIT','https://static.nike.com/a/images/t_PDP_1728_v1/f_auto,b_rgb:f5f5f5/cgkqxnndslfaaqqmyxgl/dri-fit-head-tie-3-r4G6jh.jpg',NULL,'https://static.nike.com/a/images/t_PDP_1728_v1/f_auto,b_rgb:f5f5f5,q_80/fijqvp60wgkf7qcz9vlb/dri-fit-head-tie-3-r4G6jh.jpg',NULL,'The sweat-wicking technology in the Nike Dri-FIT Head Tie 3.0 will help you stay dry, comfortable and focused, so you can give your all at practice or in the game.',12,50,'Head Tie 3.0',4,1),(44,'Nike Elite','https://static.nike.com/a/images/t_PDP_864_v1/f_auto,b_rgb:f5f5f5/i1-1e5ced8c-3a0a-4c7d-8e47-cd8be158243e/elite-basketball-duffel-d3dPzT.jpg','https://static.nike.com/a/images/t_PDP_864_v1/f_auto,b_rgb:f5f5f5,q_80/i1-48833b44-1cec-4f3d-8bd9-7e9fc577ab85/elite-basketball-duffel-d3dPzT.jpg','https://static.nike.com/a/images/t_PDP_864_v1/f_auto,b_rgb:f5f5f5,q_80/i1-d6ea16a8-626a-4775-929d-21f2555fe7a0/elite-basketball-duffel-d3dPzT.jpg','https://static.nike.com/a/images/t_PDP_864_v1/f_auto,b_rgb:f5f5f5,q_80/i1-5f3731f4-0877-4735-a58f-7c9941b5d7e3/elite-basketball-duffel-d3dPzT.jpg','Carry all your athletic gear in one spacious, easy-access bag with the Nike Elite Duffel. This dual-carry bag has a large main compartment—big enough for a full-size basketball—plus a ventilated shoe area and an extra internal pocket.',60,50,'Basketball Duffel',4,1),(45,'Nike 64oz Fuel','https://static.nike.com/a/images/t_PDP_1728_v1/f_auto,b_rgb:f5f5f5/fff62d89-fd15-4084-87a4-0e0e2f560314/64oz-fuel-jug-lcvvzT.jpg',NULL,'https://static.nike.com/a/images/t_PDP_1728_v1/f_auto,b_rgb:f5f5f5,q_80/b9eb8d76-e19a-4233-8356-24c482c25056/64oz-fuel-jug-lcvvzT.jpg',NULL,'It\'s easy to top up with the Nike 64oz Fuel Jug. Whether you\'re training hard, working hard or just getting through the day, this high-volume container will help you stay hydrated so you can bring your A-game.',25,50,'Jug',4,1),(46,'Nike ACG 365','https://static.nike.com/a/images/t_PDP_1728_v1/f_auto,b_rgb:f5f5f5/ce22a4b0-121a-4168-86e7-9e2e67f42f8c/acg-365-crew-socks-2-pair-5lRvz6.jpg',NULL,'https://static.nike.com/a/images/t_PDP_1728_v1/f_auto,b_rgb:f5f5f5,q_80/30d27216-6974-4177-86a0-94aca2f394ac/acg-365-crew-socks-2-pair-5lRvz6.jpg',NULL,'Gear up for your outdoor adventure with the plush cushioning of the Nike ACG 365 Crew Socks.',36,50,'Crew Socks (2 Pair)',4,1),(47,'Nike Brasilia','https://static.nike.com/a/images/t_PDP_864_v1/f_auto,b_rgb:f5f5f5/987126c2-19fa-4a84-a379-231b5195e5ee/brasilia-training-duffel-bag-medium-Sv6Tzt.jpg','https://static.nike.com/a/images/t_PDP_864_v1/f_auto,b_rgb:f5f5f5,q_80/05db69af-12cb-4616-9c31-fdf4745b73da/brasilia-training-duffel-bag-medium-Sv6Tzt.jpg','https://static.nike.com/a/images/t_PDP_864_v1/f_auto,b_rgb:f5f5f5,q_80/2f523664-9a61-4eba-b6c3-158e4bffa828/brasilia-training-duffel-bag-medium-Sv6Tzt.jpg','https://static.nike.com/a/images/t_PDP_864_v1/f_auto,b_rgb:f5f5f5,q_80/72feb98d-f0da-4b04-b50e-20c8af26a2cb/brasilia-training-duffel-bag-medium-Sv6Tzt.jpg','The Nike Brasilia Duffel Bag has a zippered main compartment and a separate area to keep your shoes separate. Additional zippered pockets keep you organized. and specialized pockets to keep your gear secure and organized. Handles and an adjustable shoulde',40,50,'Training Duffel Bag (Medium)',4,1),(48,'Nike x Stüssy','https://static.nike.com/a/images/t_PDP_1728_v1/f_auto,b_rgb:f5f5f5/da7f7802-a6d4-4f7d-a0c5-777ff96ba623/st%C3%BCssy-bucket-hat-4zW8B9.jpg','','https://static.nike.com/a/images/t_PDP_1728_v1/f_auto,b_rgb:f5f5f5,q_80/0b7ef181-2380-48a2-bd75-bc85a560c256/st%C3%BCssy-bucket-hat-4zW8B9.jpg',NULL,'The Nike x Stüssy Bucket Hat continues the collaboration between 2 iconic brands. A soft and comfortable design provides coverage from the sun for good vibes all day long.',40,50,'Bucket Hat',4,1),(50,'Nike Elite \'Black History Month\'','https://static.nike.com/a/images/t_PDP_1728_v1/f_auto,b_rgb:f5f5f5/64db7aa6-70ad-47a5-95f8-f7f103630dfe/elite-black-history-month-basketball-crew-socks-0Qk2Qg.jpg',NULL,'https://static.nike.com/a/images/t_PDP_1728_v1/f_auto,b_rgb:f5f5f5,q_80/caaa8373-d43c-4f7b-8576-70ae3202009f/elite-black-history-month-basketball-crew-socks-0Qk2Qg.jpg',NULL,'Play on equal footing in these Nike Elite Basketball Crew Socks. Inspired by Black History Month, they\'re made from premium yarns with sweat-wicking technology, with an arch band for support and cushioning where you need it.',10.97,50,'Basketball Crew Socks',4,1),(51,'NikeCourt Multiplier Max','https://static.nike.com/a/images/t_PDP_1728_v1/f_auto,b_rgb:f5f5f5/8a4e0199-0071-4c2e-a5c2-bc8c25746e5c/nikecourt-multiplier-max-tennis-no-show-socks-2-pairs-2zh8PS.jpg',NULL,'https://static.nike.com/a/images/t_PDP_1728_v1/f_auto,b_rgb:f5f5f5,q_80/a2099042-9f62-4b02-ad58-a59d27d2341d/nikecourt-multiplier-max-tennis-no-show-socks-2-pairs-2zh8PS.jpg',NULL,'The NikeCourt Multiplier Max Socks help you stay comfortable on and off the court, thanks to soft fabric that wicks sweat from your skin.',18,50,'Tennis No-Show Socks (2 Pairs)',4,1),(52,'Nike Waffle Racer 2X','https://static.nike.com/a/images/t_PDP_864_v1/f_auto,b_rgb:f5f5f5/d736365d-b60d-4e58-862f-2832c3c55537/waffle-racer-2x-womens-shoe-3LSStk.jpg','https://static.nike.com/a/images/t_PDP_864_v1/f_auto,b_rgb:f5f5f5,q_80/7612cbef-ce2c-4505-8352-182091a62850/waffle-racer-2x-womens-shoe-3LSStk.jpg','https://static.nike.com/a/images/t_PDP_864_v1/f_auto,b_rgb:f5f5f5,q_80/e2c2120d-68d9-4d1b-8e8d-d608b883c170/waffle-racer-2x-womens-shoe-3LSStk.jpg','https://static.nike.com/a/images/t_PDP_864_v1/f_auto,b_rgb:f5f5f5,q_80/3e9f827e-2581-4ffc-9467-3a3530b3ebde/waffle-racer-2x-womens-shoe-3LSStk.jpg','The Nike Waffle Racer 2X magnifies elements from the iconic \'70s running shoe, resulting in a powered up, street-worthy rendition. The layered upper is lightweight, versatile and naturally contours to the shape of your foot. ',100,50,'Women\'s Shoe',1,2),(53,'Nike Zoom Double Stacked','https://static.nike.com/a/images/t_PDP_864_v1/f_auto,b_rgb:f5f5f5/1e59a9c5-2434-4842-bff4-11e2f4117833/zoom-double-stacked-womens-shoe-zPhZQr.jpg','https://static.nike.com/a/images/t_PDP_864_v1/f_auto,b_rgb:f5f5f5,q_80/4348c126-8f1b-4439-9c3b-925941244385/zoom-double-stacked-womens-shoe-zPhZQr.jpg','https://static.nike.com/a/images/t_PDP_864_v1/f_auto,b_rgb:f5f5f5,q_80/14908100-760f-4461-831b-d35eb5f6102e/zoom-double-stacked-womens-shoe-zPhZQr.jpg','https://static.nike.com/a/images/t_PDP_864_v1/f_auto,b_rgb:f5f5f5,q_80/d05121f1-4e7e-4194-914a-6a73108bbbf7/zoom-double-stacked-womens-shoe-zPhZQr.jpg','Fight the power with the stacked Air cushioning, big lift and hand-crafted look of the Nike Zoom Double Stacked. The unfinished TPU Swoosh, breathable mesh on the upper and translucent rubber sole emphasize your fierce, mold-breaking style.',230,50,'Women\'s Shoe',1,2),(54,'Nike Pegasus Trail 2','https://static.nike.com/a/images/t_PDP_864_v1/f_auto,b_rgb:f5f5f5/fa343e41-8a5e-4242-97d6-ba1460447f9d/pegasus-trail-2-womens-trail-running-shoe-JNVF2M.jpg','https://static.nike.com/a/images/t_PDP_864_v1/f_auto,b_rgb:f5f5f5,q_80/e2a138a0-6184-410f-b252-f74f328e6f63/pegasus-trail-2-womens-trail-running-shoe-JNVF2M.jpg','https://static.nike.com/a/images/t_PDP_864_v1/f_auto,b_rgb:f5f5f5,q_80/22848813-c773-4b86-972e-932c29c8bb11/pegasus-trail-2-womens-trail-running-shoe-JNVF2M.jpg','https://static.nike.com/a/images/t_PDP_864_v1/f_auto,b_rgb:f5f5f5,q_80/10b05a97-e76c-4a8a-b1ff-10c39b5ca978/pegasus-trail-2-womens-trail-running-shoe-JNVF2M.jpg','Find your wings on the path less traveled. The Nike Pegasus Trail 2 delivers durability and responsiveness to runners, trail athletes and outdoor enthusiasts. Versatile enough for your everyday miles, it features an ideal fit with plush cushioning and tou',130,50,'Women\'s Trail Running',1,2),(55,'Nike Metcon 5 Premium','https://static.nike.com/a/images/t_PDP_864_v1/f_auto,b_rgb:f5f5f5/i1-ecde6526-5fbb-4015-bca4-6a23fbfd8db7/metcon-5-premium-womens-training-shoe-0nRwgF.jpg','https://static.nike.com/a/images/t_PDP_864_v1/f_auto,b_rgb:f5f5f5,q_80/i1-375123ba-cff2-4f95-a07e-e1f7749e065e/metcon-5-premium-womens-training-shoe-0nRwgF.jpg','https://static.nike.com/a/images/t_PDP_864_v1/f_auto,b_rgb:f5f5f5,q_80/i1-bb99de66-b363-47b1-abe6-12c7442ad581/metcon-5-premium-womens-training-shoe-0nRwgF.jpg','https://static.nike.com/a/images/t_PDP_864_v1/f_auto,b_rgb:f5f5f5,q_80/i1-bb29e86a-c346-48fd-9852-4e381ae5e7f6/metcon-5-premium-womens-training-shoe-0nRwgF.jpg','The Nike Metcon 5 Premium arms you with stability for heavy lifting and traction for sprints during high-impact training. It combines breathability and durability to be your secret weapon in the gym.',130,50,'Women\'s Training Shoe',1,2),(56,'Nike ZoomX Vaporfly NEXT%','https://static.nike.com/a/images/t_PDP_864_v1/f_auto,b_rgb:f5f5f5/de75d752-80ed-474d-8237-ba0d87a41e25/zoomx-vaporfly-next-running-shoe-Sf9zRb.jpg','https://static.nike.com/a/images/t_PDP_864_v1/f_auto,b_rgb:f5f5f5,q_80/ec1aefb1-c274-4c5b-ac14-e357ab17cba2/zoomx-vaporfly-next-running-shoe-Sf9zRb.jpg','https://static.nike.com/a/images/t_PDP_864_v1/f_auto,b_rgb:f5f5f5,q_80/9ceb7648-a025-4aca-853f-9f83cba20507/zoomx-vaporfly-next-running-shoe-Sf9zRb.jpg','https://static.nike.com/a/images/t_PDP_864_v1/f_auto,b_rgb:f5f5f5,q_80/968c6ab4-365b-419b-847d-9c7534560f84/zoomx-vaporfly-next-running-shoe-Sf9zRb.jpg','The Nike ZoomX Vaporfly NEXT% clears your path to record-breaking speed with a lighter design and faster feel than before. With more cushioning underfoot and reduced weight up top, the result is unprecedented energy return and comfort.',180,50,'Running Shoe',1,2),(57,'Nike Zoom Pegasus Turbo 2','https://static.nike.com/a/images/t_PDP_864_v1/f_auto,b_rgb:f5f5f5/i1-1744f98f-e160-4e46-a574-512f4a46bcd6/zoom-pegasus-turbo-2-womens-running-shoe-lBb48K.jpg','https://static.nike.com/a/images/t_PDP_864_v1/f_auto,b_rgb:f5f5f5,q_80/i1-7c7774b2-47eb-4d7d-bf92-406d046f3e00/zoom-pegasus-turbo-2-womens-running-shoe-lBb48K.jpg','https://static.nike.com/a/images/t_PDP_864_v1/f_auto,b_rgb:f5f5f5,q_80/i1-9c076ea8-adad-4b13-860c-4b12b4b5eeef/zoom-pegasus-turbo-2-womens-running-shoe-lBb48K.jpg','https://static.nike.com/a/images/t_PDP_864_v1/f_auto,b_rgb:f5f5f5,q_80/i1-7aca6211-d4f8-49af-b4e4-ff6d9102165b/zoom-pegasus-turbo-2-womens-running-shoe-lBb48K.jpg','The Nike Zoom Pegasus Turbo 2 is updated with a featherlight upper, while innovative foam brings revolutionary responsiveness to your long distance training.',180,50,'Women\'s Running Shoe',1,2),(58,'Zoom Freak 1','https://static.nike.com/a/images/t_PDP_864_v1/f_auto,b_rgb:f5f5f5/l9x08gl1u4lxrrdb72n1/zoom-freak-1-basketball-shoe-tmk8Hw.jpg','https://static.nike.com/a/images/t_PDP_864_v1/f_auto,b_rgb:f5f5f5,q_80/tgndpu1etvgnenejlk0u/zoom-freak-1-basketball-shoe-tmk8Hw.jpg','https://static.nike.com/a/images/t_PDP_864_v1/f_auto,b_rgb:f5f5f5,q_80/cgocvmibcpvscxu3sdzu/zoom-freak-1-basketball-shoe-tmk8Hw.jpg','https://static.nike.com/a/images/t_PDP_864_v1/f_auto,b_rgb:f5f5f5,q_80/lfosunubdbbzywyafjzd/zoom-freak-1-basketball-shoe-tmk8Hw.jpg','Get your freak on in Giannis Antetokounmpo\'s debut signature shoe, Nike\'s first ever for the international basketball sensation. The Zoom Freak 1 has the extra-responsive cushioning, forefoot stability and multidirectional traction needed to complement hi',95.97,50,'Basketball Shoe',1,2),(59,'Nike Drop-Type','https://static.nike.com/a/images/t_PDP_864_v1/f_auto,b_rgb:f5f5f5/uibio75hnhembngtjjnq/drop-type-shoe-NfRB9P.jpg','https://static.nike.com/a/images/t_PDP_864_v1/f_auto,b_rgb:f5f5f5,q_80/cgcngi6jdkmdmmmw9qbn/drop-type-shoe-NfRB9P.jpg','https://static.nike.com/a/images/t_PDP_864_v1/f_auto,b_rgb:f5f5f5,q_80/nicbuyblpfgaswbotl6o/drop-type-shoe-NfRB9P.jpg','https://static.nike.com/a/images/t_PDP_864_v1/f_auto,b_rgb:f5f5f5,q_80/usvso3fzjomln8tpadsr/drop-type-shoe-NfRB9P.jpg','With DIY attitude and classic tennis shoe appeal, the Nike Drop-Type puts a raw, experimental edge on an iconic look. Featuring distinct lines that borrow from the NikeCourt series, an exposed foam tongue and N354 branding, it lets your shoes do the talki',59.97,50,'Shoe',1,1),(60,'Nike Renew Elevate\r\n','https://static.nike.com/a/images/t_PDP_864_v1/f_auto,b_rgb:f5f5f5/d58a0e15-05ad-4446-bcae-3768938ef3a4/renew-elevate-basketball-shoe-9Ht3N6.jpg','https://static.nike.com/a/images/t_PDP_864_v1/f_auto,b_rgb:f5f5f5,q_80/6dea379a-d7ca-4ed5-8c2d-360d59d26298/renew-elevate-basketball-shoe-9Ht3N6.jpg','https://static.nike.com/a/images/t_PDP_864_v1/f_auto,b_rgb:f5f5f5,q_80/3aac5415-ae36-41c2-9034-582ff4f52034/renew-elevate-basketball-shoe-9Ht3N6.jpg','https://static.nike.com/a/images/t_PDP_864_v1/f_auto,b_rgb:f5f5f5,q_80/c28e1ab0-5b98-457d-90f7-5b1b427de237/renew-elevate-basketball-shoe-9Ht3N6.jpg','Want in the game? Get off to a great start in the Nike Renew Elevate. Its plush, lightweight upper gives you a snug, secure fit up through the ankle, while its fast, fluid lines signify speed. The midsole features 2 types of foam cushioning to balance sta',80,50,'Basketball Shoe',1,2),(61,'Nike Zoom HyperAce 2','https://c.static-nike.com/a/images/t_PDP_864_v1/f_auto,b_rgb:f5f5f5/hav6jwrz3caelnjknzxx/zoom-hyperace-2-womens-volleyball-shoe-KlrjdK.jpg','https://c.static-nike.com/a/images/t_PDP_864_v1/f_auto,b_rgb:f5f5f5,q_80/kaw1m2rl9e9csdp31cfz/zoom-hyperace-2-womens-volleyball-shoe-KlrjdK.jpg','https://c.static-nike.com/a/images/t_PDP_864_v1/f_auto,b_rgb:f5f5f5,q_80/wda7oaqsbjcf50rmk028/zoom-hyperace-2-womens-volleyball-shoe-KlrjdK.jpg','https://c.static-nike.com/a/images/t_PDP_864_v1/f_auto,b_rgb:f5f5f5,q_80/acjema7smpizen6w9ww0/zoom-hyperace-2-womens-volleyball-shoe-KlrjdK.jpg','Designed for action on hard courts, the Nike Zoom HyperAce 2 Women\'s Volleyball Shoe helps keep you light and fast on your feet with a breathable upper and responsive cushioning.  ',115,50,'Women\'s Volleyball Shoe',1,2),(62,'Nike Zoom Phantom Venom Pro IC','https://static.nike.com/a/images/t_PDP_864_v1/f_auto,b_rgb:f5f5f5/vuwlhrbede6vz4thjtoa/zoom-phantom-venom-pro-ic-indoor-court-soccer-shoe-F2llhK.jpg','https://static.nike.com/a/images/t_PDP_864_v1/f_auto,b_rgb:f5f5f5,q_80/rlluribr9vhwanac7vwz/zoom-phantom-venom-pro-ic-indoor-court-soccer-shoe-F2llhK.jpg','https://static.nike.com/a/images/t_PDP_864_v1/f_auto,b_rgb:f5f5f5,q_80/jtellwsj3wuiygtr5lck/zoom-phantom-venom-pro-ic-indoor-court-soccer-shoe-F2llhK.jpg','https://static.nike.com/a/images/t_PDP_864_v1/f_auto,b_rgb:f5f5f5,q_80/duq8stywjo83dvmomc99/zoom-phantom-venom-pro-ic-indoor-court-soccer-shoe-F2llhK.jpg','The Nike Zoom Phantom Venom Pro IC is engineered for powerful strikes that win games. The Hyperscreen overlay is textured for precise touch and perforated for breathability. A Zoom Air unit in the heel provides responsive cushioning on indoor and court su',60.97,50,'Indoor/Court Soccer Shoe',1,2),(63,'Kyrie Low 2','https://static.nike.com/a/images/t_PDP_864_v1/f_auto,b_rgb:f5f5f5/tssnlmsux9u7nnywninq/kyrie-low-2-basketball-shoe-714RZN.jpg','https://static.nike.com/a/images/t_PDP_864_v1/f_auto,b_rgb:f5f5f5,q_80/cabhdy6p91gmm9fthvky/kyrie-low-2-basketball-shoe-714RZN.jpg','https://static.nike.com/a/images/t_PDP_864_v1/f_auto,b_rgb:f5f5f5,q_80/euchvze1gwtss5kxhflb/kyrie-low-2-basketball-shoe-714RZN.jpg','https://static.nike.com/a/images/t_PDP_864_v1/f_auto,b_rgb:f5f5f5,q_80/sqdtxnxhkivr8mqazleg/kyrie-low-2-basketball-shoe-714RZN.jpg','Kyrie\'s ability to make quick, sharp cuts while handling the ball gives his game an unrivaled edge. Loaded with responsive cushioning, the Kyrie Low 2 features a curved outsole and traction that wraps up the sides, ideal for quick players who continually ',65.97,50,'Basketball Shoe',1,2),(64,'Nike Sportswear Swoosh','https://static.nike.com/a/images/t_PDP_864_v1/f_auto,b_rgb:f5f5f5/3fb5ecb3-3477-45f0-9f0c-792d0652717f/sportswear-swoosh-womens-t-shirt-RT72jt.jpg','https://static.nike.com/a/images/t_PDP_864_v1/f_auto,b_rgb:f5f5f5,q_80/bb76360c-37a5-4450-8c60-642db5655c75/sportswear-swoosh-womens-t-shirt-RT72jt.jpg','https://static.nike.com/a/images/t_PDP_864_v1/f_auto,b_rgb:f5f5f5,q_80/b3c7682e-2d3f-4945-b72d-f6c9b5dda1ad/sportswear-swoosh-womens-t-shirt-RT72jt.jpg','https://static.nike.com/a/images/t_PDP_864_v1/f_auto,b_rgb:f5f5f5,q_80/26256fd2-36a6-44cf-9356-ad0cd0408f5a/sportswear-swoosh-womens-t-shirt-RT72jt.jpg','Show your love for the Swoosh in the Nike Sportswear T-Shirt. Its pique fabric construction and oversized fit provide a roomey, comfortable feel.',45,50,'Women\'s T-Shirt',2,2),(65,'Nike Sportswear','https://static.nike.com/a/images/t_PDP_864_v1/f_auto,b_rgb:f5f5f5/58fa966a-290c-4db1-8b01-86d4b08c6763/sportswear-womens-short-sleeve-top-Qmff5p.jpg','https://static.nike.com/a/images/t_PDP_864_v1/f_auto,b_rgb:f5f5f5,q_80/76b0144f-0856-4725-9ab7-984fe3f630f6/sportswear-womens-short-sleeve-top-Qmff5p.jpg','https://static.nike.com/a/images/t_PDP_864_v1/f_auto,b_rgb:f5f5f5,q_80/c71c38e1-a4f6-4b6e-9890-6ea298ca461a/sportswear-womens-short-sleeve-top-Qmff5p.jpg','https://static.nike.com/a/images/t_PDP_864_v1/f_auto,b_rgb:f5f5f5,q_80/b9e3f6ff-da81-4072-80d1-e18de1dadcf8/sportswear-womens-short-sleeve-top-Qmff5p.jpg','The Nike Sportswear Top is set to become a future classic design thanks to its soft cotton jersey fabric, a slightly cropped design and a contrast graphic at the chest.',45,50,'Women\'s Short-Sleeve Top',2,2),(66,'Nike Sportswear Essential','https://static.nike.com/a/images/t_PDP_1728_v1/f_auto,b_rgb:f5f5f5/d201e595-6e41-4c6c-9ca6-5cb78882a133/sportswear-essential-womens-cropped-t-shirt-891LTF.jpg','https://static.nike.com/a/images/t_PDP_1728_v1/f_auto,b_rgb:f5f5f5,q_80/4d226fd3-74d2-4865-a235-595cee1fb7bd/sportswear-essential-womens-cropped-t-shirt-891LTF.jpg','https://static.nike.com/a/images/t_PDP_1728_v1/f_auto,b_rgb:f5f5f5,q_80/7030fa57-ade2-4e4b-8674-d0a696da34fc/sportswear-essential-womens-cropped-t-shirt-891LTF.jpg',NULL,'The Nike Sportswear Essential T-Shirt sets you up with soft cotton jersey and a cropped hem.',30,50,'Women\'s Cropped T-Shirt',2,2),(67,'Nike Pro Dri-FIT','https://static.nike.com/a/images/t_PDP_864_v1/f_auto,b_rgb:f5f5f5/i1-34febbcf-bd71-4e9e-b3ba-f85752de11d2/pro-dri-fit-womens-graphic-tank-h2j6WJ.jpg','https://static.nike.com/a/images/t_PDP_864_v1/f_auto,b_rgb:f5f5f5,q_80/i1-17e9f5fd-34f2-43f8-8e9e-8df628fcf1f1/pro-dri-fit-womens-graphic-tank-h2j6WJ.jpg','https://static.nike.com/a/images/t_PDP_864_v1/f_auto,b_rgb:f5f5f5,q_80/i1-5191a816-9b19-4707-a7b5-643c00b8e717/pro-dri-fit-womens-graphic-tank-h2j6WJ.jpg','https://static.nike.com/a/images/t_PDP_864_v1/f_auto,b_rgb:f5f5f5,q_80/i1-a1b51050-ef56-4f04-97b4-8649b9f6e6cf/pro-dri-fit-womens-graphic-tank-h2j6WJ.jpg','The Nike Pro Dri-FIT Tank has a modified racerback with an elastic strap to help keep you cool and moving freely from your first set to your last.',40,50,'Women\'s Graphic Tank',2,2),(69,'Nike Sportswear Tech Fleece Windrunner','https://static.nike.com/a/images/t_PDP_864_v1/f_auto,b_rgb:f5f5f5/653202c2-1736-4d96-a6cd-6d9cb4dc5cb8/sportswear-tech-fleece-windrunner-womens-full-zip-hoodie-7kK8vl.jpg','https://static.nike.com/a/images/t_PDP_864_v1/f_auto,b_rgb:f5f5f5,q_80/679a48a1-93bf-4542-a9a1-250a9a4bffee/sportswear-tech-fleece-windrunner-womens-full-zip-hoodie-7kK8vl.jpg','https://static.nike.com/a/images/t_PDP_864_v1/f_auto,b_rgb:f5f5f5,q_80/e8a2abb2-9c70-4bfc-ad5d-2e72cb56bc15/sportswear-tech-fleece-windrunner-womens-full-zip-hoodie-7kK8vl.jpg','https://static.nike.com/a/images/t_PDP_864_v1/f_auto,b_rgb:f5f5f5,q_80/8cdaa9cf-8a81-4cf2-b3ca-81c4ccb3825c/sportswear-tech-fleece-windrunner-womens-full-zip-hoodie-7kK8vl.jpg','The Nike Sportswear Tech Fleece Hoodie is made with double-sided spacer fabric to harness your body heat to create added warmth without extra bulk or weight.',120,50,'Women\'s Full-Zip Hoodie',2,2),(70,'Nike Sportswear','https://static.nike.com/a/images/t_PDP_864_v1/f_auto,b_rgb:f5f5f5/6476c974-927f-498b-a537-71fdfded9fd8/sportswear-womens-hoodie-Qk59tK.jpg','https://static.nike.com/a/images/t_PDP_864_v1/f_auto,b_rgb:f5f5f5,q_80/fee5f9f2-6c57-4062-ad06-480d643f76bd/sportswear-womens-hoodie-Qk59tK.jpg','https://static.nike.com/a/images/t_PDP_864_v1/f_auto,b_rgb:f5f5f5,q_80/1a374f46-f20e-4603-801e-d5507631ed1b/sportswear-womens-hoodie-Qk59tK.jpg','https://static.nike.com/a/images/t_PDP_864_v1/f_auto,b_rgb:f5f5f5,q_80/3778ae26-c8a4-4b3d-9428-c864dd1027f5/sportswear-womens-hoodie-Qk59tK.jpg','Inspired by the allover floral prints of \'90s sundresses, the Nike Sportswear Hoodie adds a fresh-cut look with plenty of room to keep you moving and feeling free throughout the week.',65,50,'Women\'s Hoodie',2,2),(71,'Nike F.C.','https://static.nike.com/a/images/t_PDP_864_v1/f_auto,b_rgb:f5f5f5/3623ecb4-67b0-48f9-94df-a663722e1408/fc-womens-long-sleeve-soccer-jersey-sCvNVW.jpg','https://static.nike.com/a/images/t_PDP_864_v1/f_auto,b_rgb:f5f5f5,q_80/b9a0043d-7006-4b82-a545-3fc3ac19acd0/fc-womens-long-sleeve-soccer-jersey-sCvNVW.jpg','https://static.nike.com/a/images/t_PDP_864_v1/f_auto,b_rgb:f5f5f5,q_80/208e814e-9723-4660-9cb8-6898582a45f6/fc-womens-long-sleeve-soccer-jersey-sCvNVW.jpg','https://static.nike.com/a/images/t_PDP_864_v1/f_auto,b_rgb:f5f5f5,q_80/42b25011-81af-4fe9-9ef8-62cdf1c1f989/fc-womens-long-sleeve-soccer-jersey-sCvNVW.jpg','The Nike F.C. Jersey celebrates soccer culture and Nike history with a throwback look inspired by the classic Total 90 line from the year 2000. Soft, lightweight fabric is breathable and comfortable.',57.97,50,'Women’s Long-Sleeve Soccer Jersey',2,2),(72,'Nike Sportswear','https://static.nike.com/a/images/t_PDP_864_v1/f_auto,b_rgb:f5f5f5/0f90a0d8-249f-4dcc-b02e-60c4ba80fa6e/sportswear-womens-french-terry-pullover-hoodie-hw35d2.jpg','https://static.nike.com/a/images/t_PDP_864_v1/f_auto,b_rgb:f5f5f5,q_80/07abd249-9601-4f0d-a149-6e2272f9aabd/sportswear-womens-french-terry-pullover-hoodie-hw35d2.jpg','https://static.nike.com/a/images/t_PDP_864_v1/f_auto,b_rgb:f5f5f5,q_80/be2cb60b-2b42-4b3e-b9d9-7431c35c862a/sportswear-womens-french-terry-pullover-hoodie-hw35d2.jpg','https://static.nike.com/a/images/t_PDP_864_v1/f_auto,b_rgb:f5f5f5,q_80/c75f0056-dba4-49fd-b06d-c8a3be3aa078/sportswear-womens-french-terry-pullover-hoodie-hw35d2.jpg','Remixing a closet staple, the Nike Sportswear Pullover Hoodie is made with a French terry fabric and a color-block design on select versions for a look that stands out and a fit that won\'t wear out.',70,50,'Women\'s French Terry Pullover Hoodie',2,2),(73,'Nike Air Max 270 React','https://static.nike.com/a/images/t_PDP_864_v1/f_auto,b_rgb:f5f5f5/8d3bdd3b-569e-4b6f-83cb-1abf46bc3581/air-max-270-react-big-kids-shoe-75vzh1.jpg','https://static.nike.com/a/images/t_PDP_864_v1/f_auto,b_rgb:f5f5f5,q_80/f2ae5f4e-5bfa-4ae0-95ec-0b20db7f0d6d/air-max-270-react-big-kids-shoe-75vzh1.jpg','https://static.nike.com/a/images/t_PDP_864_v1/f_auto,b_rgb:f5f5f5,q_80/ffdb65c3-8501-4cbe-90c0-c49da2d6c689/air-max-270-react-big-kids-shoe-75vzh1.jpg','https://static.nike.com/a/images/t_PDP_864_v1/f_auto,b_rgb:f5f5f5,q_80/dacebfed-b971-40e7-937d-ce0a18f74929/air-max-270-react-big-kids-shoe-75vzh1.jpg','The Nike Air Max 270 React celebrates global love with world logos and a “Worldwide” tag on the tongue. These everyday kicks also have crazy cushioning with Max Air and React technology—all while unifying everyone through sport.',135,50,'Big Kids\' Shoe',1,3),(74,'Nike Air Max 2090','https://static.nike.com/a/images/t_PDP_864_v1/f_auto,b_rgb:f5f5f5/ff792f6e-011a-4494-bb82-7124ce427ea8/air-max-2090-big-kids-shoe-5ZxgsL.jpg','https://static.nike.com/a/images/t_PDP_864_v1/f_auto,b_rgb:f5f5f5,q_80/4d589df4-ca5f-410d-bfa2-afa0033e5e13/air-max-2090-big-kids-shoe-5ZxgsL.jpg','https://static.nike.com/a/images/t_PDP_864_v1/f_auto,b_rgb:f5f5f5,q_80/5b11ee45-7dfd-4b76-b2f8-77fce2f7beaf/air-max-2090-big-kids-shoe-5ZxgsL.jpg','https://static.nike.com/a/images/t_PDP_864_v1/f_auto,b_rgb:f5f5f5,q_80/d301cb72-19fe-4a8a-a7b2-734638ac2cd4/air-max-2090-big-kids-shoe-5ZxgsL.jpg','The Nike Air Max 2090 celebrates the 30th anniversary of the iconic Air Max 90 release with extreme Air and classic details made right for kiddos.',125,50,'Big Kids\' Shoe',1,3),(75,'Freak 2','https://static.nike.com/a/images/t_PDP_864_v1/f_auto,b_rgb:f5f5f5/3d5cb553-24f8-4720-abad-4463ed4b60cc/freak-2-big-kids-basketball-shoe-0PLLFJ.jpg','https://static.nike.com/a/images/t_PDP_864_v1/f_auto,b_rgb:f5f5f5,q_80/6e1a3706-579d-4c99-a193-c6a953bb872a/freak-2-big-kids-basketball-shoe-0PLLFJ.jpg','https://static.nike.com/a/images/t_PDP_864_v1/f_auto,b_rgb:f5f5f5,q_80/a266ebe2-c2e6-4b23-8296-6de35cf1a374/freak-2-big-kids-basketball-shoe-0PLLFJ.jpg','https://static.nike.com/a/images/t_PDP_864_v1/f_auto,b_rgb:f5f5f5,q_80/41cc9180-cf2a-4407-a0de-2611d6ffba96/freak-2-big-kids-basketball-shoe-0PLLFJ.jpg','Step your game up in the Freak 2, the 2nd edition of Giannis Antetokounmpo’s signature shoe. One-of-a-kind details match the MVP’s on-court identity. (Hint: there’s no player like him or this shoe.) These true low-tops are built to help you feel quick and in control to beat any defender, like the Freak himself.',100,50,'Big Kids\' Basketball Shoe',1,3),(76,'Nike Blazer Mid','https://static.nike.com/a/images/t_PDP_864_v1/f_auto,b_rgb:f5f5f5/bdd16190-7b45-4545-b81d-971c69c693d3/blazer-mid-big-kids-shoe-4VfSTd.jpg','https://static.nike.com/a/images/t_PDP_864_v1/f_auto,b_rgb:f5f5f5,q_80/1098bedc-14f4-4ddb-b60f-66dae625c7b3/blazer-mid-big-kids-shoe-4VfSTd.jpg','https://static.nike.com/a/images/t_PDP_864_v1/f_auto,b_rgb:f5f5f5,q_80/cc244891-ea89-452d-8cef-b240d18b38f7/blazer-mid-big-kids-shoe-4VfSTd.jpg','https://static.nike.com/a/images/t_PDP_864_v1/f_auto,b_rgb:f5f5f5,q_80/6ed8019d-7c1c-44bb-a6d1-f859e4f29a97/blazer-mid-big-kids-shoe-4VfSTd.jpg','Flexible, durable and iconic style—what more do you need? The Nike Blazer Mid reimagines our ‘70s hoops classic into everyday high-tops for playtime.',80,50,'Big Kids\' Shoe',1,3),(77,'Nike Air Zoom Speed','https://static.nike.com/a/images/t_PDP_864_v1/f_auto,b_rgb:f5f5f5/78f21de6-bdcb-4c96-909c-076cbca1e051/air-zoom-speed-little-big-kids-running-shoe-bW4W4n.jpg','https://static.nike.com/a/images/t_PDP_864_v1/f_auto,b_rgb:f5f5f5,q_80/1d931b1a-9765-4ed6-bc9a-080ecdd06784/air-zoom-speed-little-big-kids-running-shoe-bW4W4n.jpg','https://static.nike.com/a/images/t_PDP_864_v1/f_auto,b_rgb:f5f5f5,q_80/39cf2206-0b3c-476a-91be-556fa35a5ce6/air-zoom-speed-little-big-kids-running-shoe-bW4W4n.jpg','https://static.nike.com/a/images/t_PDP_864_v1/f_auto,b_rgb:f5f5f5,q_80/153996e7-d806-4939-b9a8-e5556b42714b/air-zoom-speed-little-big-kids-running-shoe-bW4W4n.jpg','Look fast and feel faster in the Nike Air Zoom Speed. Our iconic Zoom Air pods are made just right for kids. So lightweight all around and cushioned where needed, you’ll be zooming around the neighborhood and track in no time.',85,50,'Little/Big Kids\' Running Shoe',1,3),(78,'Nike Zoom Flight','https://static.nike.com/a/images/t_PDP_864_v1/f_auto,b_rgb:f5f5f5/i1-c04d8649-e177-4936-9c3a-414f2f1b2558/zoom-flight-big-kids-basketball-shoe-Wb5VF0.jpg','https://static.nike.com/a/images/t_PDP_864_v1/f_auto,b_rgb:f5f5f5,q_80/i1-37dab075-bbf4-4c93-898c-152f5144fa38/zoom-flight-big-kids-basketball-shoe-Wb5VF0.jpg','https://static.nike.com/a/images/t_PDP_864_v1/f_auto,b_rgb:f5f5f5,q_80/i1-30c7aabb-afc6-4394-bb87-6b9978be24cb/zoom-flight-big-kids-basketball-shoe-Wb5VF0.jpg','https://static.nike.com/a/images/t_PDP_864_v1/f_auto,b_rgb:f5f5f5,q_80/i1-44d78223-1797-490c-b9e6-8b0d6eaa3626/zoom-flight-big-kids-basketball-shoe-Wb5VF0.jpg','Ball up with the Nike Zoom Flight. Feel the bounce in every step with classic Zoom Air made with kids in mind. A breathable design comes with 2 easy-to-fasten straps so you can take off down the court with confidence. Who’s got next?',90,50,'Big Kids\' Basketball Shoe',1,3),(79,'Nike Blazer Low','https://static.nike.com/a/images/t_PDP_864_v1/f_auto,b_rgb:f5f5f5/i1-91bfcffa-564a-4988-925a-063f13d94ec6/blazer-low-big-kids-shoe-gjWLDZ.jpg','https://static.nike.com/a/images/t_PDP_864_v1/f_auto,b_rgb:f5f5f5,q_80/i1-6a6d65cf-de9f-4859-bfda-3b8435d264f0/blazer-low-big-kids-shoe-gjWLDZ.jpg','https://static.nike.com/a/images/t_PDP_864_v1/f_auto,b_rgb:f5f5f5,q_80/i1-d29edc23-4fc8-4c0c-b3c5-21740564fc8b/blazer-low-big-kids-shoe-gjWLDZ.jpg','https://static.nike.com/a/images/t_PDP_864_v1/f_auto,b_rgb:f5f5f5,q_80/i1-1f2bc815-8a78-476c-95b1-63aa37bea1c9/blazer-low-big-kids-shoe-gjWLDZ.jpg','The Nike Blazer Low refines the old-school basketball icon with smooth, genuine leather. Its classic, low-profile design takes cues from \'70s heritage footwear while providing flexibility and traction for everyday wear.',65,50,'Big Kids\' Shoe',1,3);
/*!40000 ALTER TABLE `products` ENABLE KEYS */;
UNLOCK TABLES;

--
-- Table structure for table `users`
--

DROP TABLE IF EXISTS `users`;
/*!40101 SET @saved_cs_client     = @@character_set_client */;
/*!50503 SET character_set_client = utf8mb4 */;
CREATE TABLE `users` (
  `id` int NOT NULL AUTO_INCREMENT,
  `password` varchar(255) NOT NULL,
  `email` varchar(50) NOT NULL,
  `lastname` varchar(50) DEFAULT NULL,
  `firstname` varchar(50) DEFAULT NULL,
  `dob` date DEFAULT NULL,
  `role` varchar(50) NOT NULL,
  `photoUrl` varchar(255) DEFAULT NULL,
  PRIMARY KEY (`id`)
) ENGINE=InnoDB AUTO_INCREMENT=108 DEFAULT CHARSET=utf8mb4 COLLATE=utf8mb4_0900_ai_ci;
/*!40101 SET character_set_client = @saved_cs_client */;

--
-- Dumping data for table `users`
--

LOCK TABLES `users` WRITE;
/*!40000 ALTER TABLE `users` DISABLE KEYS */;
INSERT INTO `users` VALUES (87,'$2a$10$MJvOhLKRVdYBsf60rDveIeLxgxpIslBozgdoHu2YIfkW2FshYfv3C','1751010056khanh@ou.edu.vn','vo','khanh','1970-01-01','admin',NULL),(88,'$2a$10$vbmKlrOWVTIf5tpMl6eM/.uVHn3b7o6nFVAp.InR/IJ1G8Hn9Al9y','khanh@gmail.com','vo','khanh','2020-12-12','admin',NULL),(96,'$2a$10$C5Vl5k2pWNcpytUD05PDWe.NCbP6e5/jlH5OCfdTuVyVD1rHPFT5K','khanhvph05@gmail.com','Khanh','Võ Phạm','2020-11-10','admin','https://i7.pngguru.com/preview/178/419/741/computer-icons-avatar-login-user-avatar.jpg'),(103,'$2a$10$ZCZNZKPZf.zAcIlEzgGWdeyIt4wRdsC0/HpH/mxUoevz.nCJOwxI2','khanhvph05@gmail.com','Khanh','Võ Phạm','2020-11-10','admin','https://i7.pngguru.com/preview/178/419/741/computer-icons-avatar-login-user-avatar.jpg'),(104,'$2a$10$2bTHy8hZ6E.whbnZRtVCfunn9RZWH6kzBCqeCEtAZlo71jz2Ny75C','khanh@gmail','','','2020-11-13','admin',''),(106,'$2a$10$stVhMfO19tOJ9zMF7fC7Ze9QUledkYzq/vnJ2O1FquSHhaWxkuv6S','atest@gmail.com','','',NULL,'admin','');
/*!40000 ALTER TABLE `users` ENABLE KEYS */;
UNLOCK TABLES;
/*!40103 SET TIME_ZONE=@OLD_TIME_ZONE */;

/*!40101 SET SQL_MODE=@OLD_SQL_MODE */;
/*!40014 SET FOREIGN_KEY_CHECKS=@OLD_FOREIGN_KEY_CHECKS */;
/*!40014 SET UNIQUE_CHECKS=@OLD_UNIQUE_CHECKS */;
/*!40101 SET CHARACTER_SET_CLIENT=@OLD_CHARACTER_SET_CLIENT */;
/*!40101 SET CHARACTER_SET_RESULTS=@OLD_CHARACTER_SET_RESULTS */;
/*!40101 SET COLLATION_CONNECTION=@OLD_COLLATION_CONNECTION */;
/*!40111 SET SQL_NOTES=@OLD_SQL_NOTES */;

-- Dump completed on 2020-11-10  2:09:59
